[INFO] Scanning for projects...
[INFO] 
[INFO] ----------------< com.badrulamin:University_Management >----------------
[INFO] Building University Management 0.0.1-SNAPSHOT
[INFO]   from pom.xml
[INFO] --------------------------------[ jar ]---------------------------------
[INFO] 
[INFO] >>> spring-boot:3.4.1:run (default-cli) > test-compile @ University_Management >>>
[INFO] 
[INFO] --- resources:3.3.1:resources (default-resources) @ University_Management ---
[INFO] Copying 1 resource from src\main\resources to target\classes
[INFO] Copying 0 resource from src\main\resources to target\classes
[INFO] 
[INFO] --- compiler:3.13.0:compile (default-compile) @ University_Management ---
[INFO] Nothing to compile - all classes are up to date.
[INFO] 
[INFO] --- resources:3.3.1:testResources (default-testResources) @ University_Management ---
[INFO] skip non existing resourceDirectory F:\Practice Demo\University_Management\src\test\resources
[INFO] 
[INFO] --- compiler:3.13.0:testCompile (default-testCompile) @ University_Management ---
[INFO] Recompiling the module because of changed source code.
[INFO] Compiling 1 source file with javac [debug parameters release 17] to target\test-classes
[INFO] Annotation processing is enabled because one or more processors were found
  on the class path. A future release of javac may disable annotation processing
  unless at least one processor is specified by name (-processor), or a search
  path is specified (--processor-path, --processor-module-path), or annotation
  processing is enabled explicitly (-proc:only, -proc:full).
  Use -Xlint:-options to suppress this message.
  Use -proc:none to disable annotation processing.
[INFO] 
[INFO] <<< spring-boot:3.4.1:run (default-cli) < test-compile @ University_Management <<<
[INFO] 
[INFO] 
[INFO] --- spring-boot:3.4.1:run (default-cli) @ University_Management ---
[INFO] Attaching agents: []

  .   ____          _            __ _ _
 /\\ / ___'_ __ _ _(_)_ __  __ _ \ \ \ \
( ( )\___ | '_ | '_| | '_ \/ _` | \ \ \ \
 \\/  ___)| |_)| | | | | || (_| |  ) ) ) )
  '  |____| .__|_| |_|_| |_\__, | / / / /
 =========|_|==============|___/=/_/_/_/

 :: Spring Boot ::                (v3.4.1)

2026-07-08T18:35:31.093+06:00  INFO 5624 --- [University_Management] [  restartedMain] c.b.U.UniversityManagementApplication    : Starting UniversityManagementApplication using Java 21.0.10 with PID 5624 (F:\Practice Demo\University_Management\target\classes started by Admin in F:\Practice Demo\University_Management)
2026-07-08T18:35:31.096+06:00  INFO 5624 --- [University_Management] [  restartedMain] c.b.U.UniversityManagementApplication    : No active profile set, falling back to 1 default profile: "default"
2026-07-08T18:35:31.134+06:00  INFO 5624 --- [University_Management] [  restartedMain] .e.DevToolsPropertyDefaultsPostProcessor : Devtools property defaults active! Set 'spring.devtools.add-properties' to 'false' to disable
2026-07-08T18:35:31.134+06:00  INFO 5624 --- [University_Management] [  restartedMain] .e.DevToolsPropertyDefaultsPostProcessor : For additional web related logging consider setting the 'logging.level.web' property to 'DEBUG'
2026-07-08T18:35:32.027+06:00  INFO 5624 --- [University_Management] [  restartedMain] .s.d.r.c.RepositoryConfigurationDelegate : Bootstrapping Spring Data JPA repositories in DEFAULT mode.
2026-07-08T18:35:32.302+06:00  INFO 5624 --- [University_Management] [  restartedMain] .s.d.r.c.RepositoryConfigurationDelegate : Finished Spring Data repository scanning in 267 ms. Found 104 JPA repository interfaces.
2026-07-08T18:35:33.235+06:00  INFO 5624 --- [University_Management] [  restartedMain] o.s.b.w.embedded.tomcat.TomcatWebServer  : Tomcat initialized with port 8085 (http)
2026-07-08T18:35:33.249+06:00  INFO 5624 --- [University_Management] [  restartedMain] o.apache.catalina.core.StandardService   : Starting service [Tomcat]
2026-07-08T18:35:33.249+06:00  INFO 5624 --- [University_Management] [  restartedMain] o.apache.catalina.core.StandardEngine    : Starting Servlet engine: [Apache Tomcat/10.1.34]
2026-07-08T18:35:33.312+06:00  INFO 5624 --- [University_Management] [  restartedMain] o.a.c.c.C.[Tomcat].[localhost].[/]       : Initializing Spring embedded WebApplicationContext
2026-07-08T18:35:33.313+06:00  INFO 5624 --- [University_Management] [  restartedMain] w.s.c.ServletWebServerApplicationContext : Root WebApplicationContext: initialization completed in 2177 ms
2026-07-08T18:35:33.556+06:00  INFO 5624 --- [University_Management] [  restartedMain] o.hibernate.jpa.internal.util.LogHelper  : HHH000204: Processing PersistenceUnitInfo [name: default]
2026-07-08T18:35:33.613+06:00  INFO 5624 --- [University_Management] [  restartedMain] org.hibernate.Version                    : HHH000412: Hibernate ORM core version 6.6.4.Final
2026-07-08T18:35:33.646+06:00  INFO 5624 --- [University_Management] [  restartedMain] o.h.c.internal.RegionFactoryInitiator    : HHH000026: Second-level cache disabled
2026-07-08T18:35:33.958+06:00  INFO 5624 --- [University_Management] [  restartedMain] o.s.o.j.p.SpringPersistenceUnitInfo      : No LoadTimeWeaver setup: ignoring JPA class transformer
2026-07-08T18:35:33.989+06:00  INFO 5624 --- [University_Management] [  restartedMain] com.zaxxer.hikari.HikariDataSource       : HikariPool-1 - Starting...
2026-07-08T18:35:34.275+06:00  INFO 5624 --- [University_Management] [  restartedMain] com.zaxxer.hikari.pool.HikariPool        : HikariPool-1 - Added connection com.mysql.cj.jdbc.ConnectionImpl@739c45f1
2026-07-08T18:35:34.277+06:00  INFO 5624 --- [University_Management] [  restartedMain] com.zaxxer.hikari.HikariDataSource       : HikariPool-1 - Start completed.
2026-07-08T18:35:34.341+06:00  INFO 5624 --- [University_Management] [  restartedMain] org.hibernate.orm.connections.pooling    : HHH10001005: Database info:
	Database JDBC URL [Connecting through datasource 'HikariDataSource (HikariPool-1)']
	Database driver: undefined/unknown
	Database version: 8.0.45
	Autocommit mode: undefined/unknown
	Isolation level: undefined/unknown
	Minimum pool size: undefined/unknown
	Maximum pool size: undefined/unknown
2026-07-08T18:35:36.710+06:00  INFO 5624 --- [University_Management] [  restartedMain] o.h.e.t.j.p.i.JtaPlatformInitiator       : HHH000489: No JTA platform available (set 'hibernate.transaction.jta.platform' to enable JTA platform integration)
2026-07-08T18:35:37.417+06:00  INFO 5624 --- [University_Management] [  restartedMain] j.LocalContainerEntityManagerFactoryBean : Initialized JPA EntityManagerFactory for persistence unit 'default'
2026-07-08T18:35:37.721+06:00  INFO 5624 --- [University_Management] [  restartedMain] o.s.d.j.r.query.QueryEnhancerFactory     : Hibernate is in classpath; If applicable, HQL parser will be used.
2026-07-08T18:35:40.658+06:00  INFO 5624 --- [University_Management] [  restartedMain] eAuthenticationProviderManagerConfigurer : Global AuthenticationManager configured with AuthenticationProvider bean with name authenticationProvider
2026-07-08T18:35:40.661+06:00  WARN 5624 --- [University_Management] [  restartedMain] r$InitializeUserDetailsManagerConfigurer : Global AuthenticationManager configured with an AuthenticationProvider bean. UserDetailsService beans will not be used by Spring Security for automatically configuring username/password login. Consider removing the AuthenticationProvider bean. Alternatively, consider using the UserDetailsService in a manually instantiated DaoAuthenticationProvider. If the current configuration is intentional, to turn off this warning, increase the logging level of 'org.springframework.security.config.annotation.authentication.configuration.InitializeUserDetailsBeanManagerConfigurer' to ERROR
2026-07-08T18:35:44.033+06:00  WARN 5624 --- [University_Management] [  restartedMain] JpaBaseConfiguration$JpaWebConfiguration : spring.jpa.open-in-view is enabled by default. Therefore, database queries may be performed during view rendering. Explicitly configure spring.jpa.open-in-view to disable this warning
2026-07-08T18:35:44.809+06:00  INFO 5624 --- [University_Management] [  restartedMain] o.s.b.d.a.OptionalLiveReloadServer       : LiveReload server is running on port 35729
2026-07-08T18:35:44.849+06:00  INFO 5624 --- [University_Management] [  restartedMain] o.s.b.w.embedded.tomcat.TomcatWebServer  : Tomcat started on port 8085 (http) with context path '/'
2026-07-08T18:35:44.856+06:00  INFO 5624 --- [University_Management] [  restartedMain] c.b.U.UniversityManagementApplication    : Started UniversityManagementApplication in 14.109 seconds (process running for 14.468)
Hibernate: 
    select
        p1_0.id,
        p1_0.action,
        p1_0.code,
        p1_0.created_at,
        p1_0.description,
        p1_0.module,
        p1_0.name,
        p1_0.updated_at,
        p1_0.version 
    from
        permissions p1_0 
    where
        p1_0.code=?
Hibernate: 
    select
        p1_0.id,
        p1_0.action,
        p1_0.code,
        p1_0.created_at,
        p1_0.description,
        p1_0.module,
        p1_0.name,
        p1_0.updated_at,
        p1_0.version 
    from
        permissions p1_0 
    where
        p1_0.code=?
Hibernate: 
    select
        p1_0.id,
        p1_0.action,
        p1_0.code,
        p1_0.created_at,
        p1_0.description,
        p1_0.module,
        p1_0.name,
        p1_0.updated_at,
        p1_0.version 
    from
        permissions p1_0 
    where
        p1_0.code=?
Hibernate: 
    select
        p1_0.id,
        p1_0.action,
        p1_0.code,
        p1_0.created_at,
        p1_0.description,
        p1_0.module,
        p1_0.name,
        p1_0.updated_at,
        p1_0.version 
    from
        permissions p1_0 
    where
        p1_0.code=?
Hibernate: 
    select
        p1_0.id,
        p1_0.action,
        p1_0.code,
        p1_0.created_at,
        p1_0.description,
        p1_0.module,
        p1_0.name,
        p1_0.updated_at,
        p1_0.version 
    from
        permissions p1_0 
    where
        p1_0.code=?
Hibernate: 
    select
        p1_0.id,
        p1_0.action,
        p1_0.code,
        p1_0.created_at,
        p1_0.description,
        p1_0.module,
        p1_0.name,
        p1_0.updated_at,
        p1_0.version 
    from
        permissions p1_0 
    where
        p1_0.code=?
Hibernate: 
    select
        p1_0.id,
        p1_0.action,
        p1_0.code,
        p1_0.created_at,
        p1_0.description,
        p1_0.module,
        p1_0.name,
        p1_0.updated_at,
        p1_0.version 
    from
        permissions p1_0 
    where
        p1_0.code=?
Hibernate: 
    select
        p1_0.id,
        p1_0.action,
        p1_0.code,
        p1_0.created_at,
        p1_0.description,
        p1_0.module,
        p1_0.name,
        p1_0.updated_at,
        p1_0.version 
    from
        permissions p1_0 
    where
        p1_0.code=?
Hibernate: 
    select
        p1_0.id,
        p1_0.action,
        p1_0.code,
        p1_0.created_at,
        p1_0.description,
        p1_0.module,
        p1_0.name,
        p1_0.updated_at,
        p1_0.version 
    from
        permissions p1_0 
    where
        p1_0.code=?
Hibernate: 
    select
        p1_0.id,
        p1_0.action,
        p1_0.code,
        p1_0.created_at,
        p1_0.description,
        p1_0.module,
        p1_0.name,
        p1_0.updated_at,
        p1_0.version 
    from
        permissions p1_0 
    where
        p1_0.code=?
Hibernate: 
    select
        p1_0.id,
        p1_0.action,
        p1_0.code,
        p1_0.created_at,
        p1_0.description,
        p1_0.module,
        p1_0.name,
        p1_0.updated_at,
        p1_0.version 
    from
        permissions p1_0 
    where
        p1_0.code=?
Hibernate: 
    select
        p1_0.id,
        p1_0.action,
        p1_0.code,
        p1_0.created_at,
        p1_0.description,
        p1_0.module,
        p1_0.name,
        p1_0.updated_at,
        p1_0.version 
    from
        permissions p1_0 
    where
        p1_0.code=?
Hibernate: 
    select
        p1_0.id,
        p1_0.action,
        p1_0.code,
        p1_0.created_at,
        p1_0.description,
        p1_0.module,
        p1_0.name,
        p1_0.updated_at,
        p1_0.version 
    from
        permissions p1_0 
    where
        p1_0.code=?
Hibernate: 
    select
        p1_0.id,
        p1_0.action,
        p1_0.code,
        p1_0.created_at,
        p1_0.description,
        p1_0.module,
        p1_0.name,
        p1_0.updated_at,
        p1_0.version 
    from
        permissions p1_0 
    where
        p1_0.code=?
Hibernate: 
    select
        p1_0.id,
        p1_0.action,
        p1_0.code,
        p1_0.created_at,
        p1_0.description,
        p1_0.module,
        p1_0.name,
        p1_0.updated_at,
        p1_0.version 
    from
        permissions p1_0 
    where
        p1_0.code=?
Hibernate: 
    select
        p1_0.id,
        p1_0.action,
        p1_0.code,
        p1_0.created_at,
        p1_0.description,
        p1_0.module,
        p1_0.name,
        p1_0.updated_at,
        p1_0.version 
    from
        permissions p1_0 
    where
        p1_0.code=?
Hibernate: 
    select
        p1_0.id,
        p1_0.action,
        p1_0.code,
        p1_0.created_at,
        p1_0.description,
        p1_0.module,
        p1_0.name,
        p1_0.updated_at,
        p1_0.version 
    from
        permissions p1_0 
    where
        p1_0.code=?
Hibernate: 
    select
        p1_0.id,
        p1_0.action,
        p1_0.code,
        p1_0.created_at,
        p1_0.description,
        p1_0.module,
        p1_0.name,
        p1_0.updated_at,
        p1_0.version 
    from
        permissions p1_0 
    where
        p1_0.code=?
Hibernate: 
    select
        p1_0.id,
        p1_0.action,
        p1_0.code,
        p1_0.created_at,
        p1_0.description,
        p1_0.module,
        p1_0.name,
        p1_0.updated_at,
        p1_0.version 
    from
        permissions p1_0 
    where
        p1_0.code=?
Hibernate: 
    select
        p1_0.id,
        p1_0.action,
        p1_0.code,
        p1_0.created_at,
        p1_0.description,
        p1_0.module,
        p1_0.name,
        p1_0.updated_at,
        p1_0.version 
    from
        permissions p1_0 
    where
        p1_0.code=?
Hibernate: 
    select
        p1_0.id,
        p1_0.action,
        p1_0.code,
        p1_0.created_at,
        p1_0.description,
        p1_0.module,
        p1_0.name,
        p1_0.updated_at,
        p1_0.version 
    from
        permissions p1_0 
    where
        p1_0.code=?
Hibernate: 
    select
        p1_0.id,
        p1_0.action,
        p1_0.code,
        p1_0.created_at,
        p1_0.description,
        p1_0.module,
        p1_0.name,
        p1_0.updated_at,
        p1_0.version 
    from
        permissions p1_0 
    where
        p1_0.code=?
Hibernate: 
    select
        p1_0.id,
        p1_0.action,
        p1_0.code,
        p1_0.created_at,
        p1_0.description,
        p1_0.module,
        p1_0.name,
        p1_0.updated_at,
        p1_0.version 
    from
        permissions p1_0 
    where
        p1_0.code=?
Hibernate: 
    select
        p1_0.id,
        p1_0.action,
        p1_0.code,
        p1_0.created_at,
        p1_0.description,
        p1_0.module,
        p1_0.name,
        p1_0.updated_at,
        p1_0.version 
    from
        permissions p1_0 
    where
        p1_0.code=?
Hibernate: 
    select
        p1_0.id,
        p1_0.action,
        p1_0.code,
        p1_0.created_at,
        p1_0.description,
        p1_0.module,
        p1_0.name,
        p1_0.updated_at,
        p1_0.version 
    from
        permissions p1_0 
    where
        p1_0.code=?
Hibernate: 
    select
        p1_0.id,
        p1_0.action,
        p1_0.code,
        p1_0.created_at,
        p1_0.description,
        p1_0.module,
        p1_0.name,
        p1_0.updated_at,
        p1_0.version 
    from
        permissions p1_0 
    where
        p1_0.code=?
Hibernate: 
    select
        p1_0.id,
        p1_0.action,
        p1_0.code,
        p1_0.created_at,
        p1_0.description,
        p1_0.module,
        p1_0.name,
        p1_0.updated_at,
        p1_0.version 
    from
        permissions p1_0 
    where
        p1_0.code=?
Hibernate: 
    select
        p1_0.id,
        p1_0.action,
        p1_0.code,
        p1_0.created_at,
        p1_0.description,
        p1_0.module,
        p1_0.name,
        p1_0.updated_at,
        p1_0.version 
    from
        permissions p1_0 
    where
        p1_0.code=?
Hibernate: 
    select
        p1_0.id,
        p1_0.action,
        p1_0.code,
        p1_0.created_at,
        p1_0.description,
        p1_0.module,
        p1_0.name,
        p1_0.updated_at,
        p1_0.version 
    from
        permissions p1_0 
    where
        p1_0.code=?
Hibernate: 
    select
        p1_0.id,
        p1_0.action,
        p1_0.code,
        p1_0.created_at,
        p1_0.description,
        p1_0.module,
        p1_0.name,
        p1_0.updated_at,
        p1_0.version 
    from
        permissions p1_0 
    where
        p1_0.code=?
Hibernate: 
    select
        p1_0.id,
        p1_0.action,
        p1_0.code,
        p1_0.created_at,
        p1_0.description,
        p1_0.module,
        p1_0.name,
        p1_0.updated_at,
        p1_0.version 
    from
        permissions p1_0 
    where
        p1_0.code=?
Hibernate: 
    select
        p1_0.id,
        p1_0.action,
        p1_0.code,
        p1_0.created_at,
        p1_0.description,
        p1_0.module,
        p1_0.name,
        p1_0.updated_at,
        p1_0.version 
    from
        permissions p1_0 
    where
        p1_0.code=?
Hibernate: 
    select
        p1_0.id,
        p1_0.action,
        p1_0.code,
        p1_0.created_at,
        p1_0.description,
        p1_0.module,
        p1_0.name,
        p1_0.updated_at,
        p1_0.version 
    from
        permissions p1_0 
    where
        p1_0.code=?
Hibernate: 
    select
        p1_0.id,
        p1_0.action,
        p1_0.code,
        p1_0.created_at,
        p1_0.description,
        p1_0.module,
        p1_0.name,
        p1_0.updated_at,
        p1_0.version 
    from
        permissions p1_0 
    where
        p1_0.code=?
Hibernate: 
    select
        p1_0.id,
        p1_0.action,
        p1_0.code,
        p1_0.created_at,
        p1_0.description,
        p1_0.module,
        p1_0.name,
        p1_0.updated_at,
        p1_0.version 
    from
        permissions p1_0 
    where
        p1_0.code=?
Hibernate: 
    select
        p1_0.id,
        p1_0.action,
        p1_0.code,
        p1_0.created_at,
        p1_0.description,
        p1_0.module,
        p1_0.name,
        p1_0.updated_at,
        p1_0.version 
    from
        permissions p1_0 
    where
        p1_0.code=?
Hibernate: 
    select
        p1_0.id,
        p1_0.action,
        p1_0.code,
        p1_0.created_at,
        p1_0.description,
        p1_0.module,
        p1_0.name,
        p1_0.updated_at,
        p1_0.version 
    from
        permissions p1_0 
    where
        p1_0.code=?
Hibernate: 
    select
        p1_0.id,
        p1_0.action,
        p1_0.code,
        p1_0.created_at,
        p1_0.description,
        p1_0.module,
        p1_0.name,
        p1_0.updated_at,
        p1_0.version 
    from
        permissions p1_0 
    where
        p1_0.code=?
Hibernate: 
    select
        p1_0.id,
        p1_0.action,
        p1_0.code,
        p1_0.created_at,
        p1_0.description,
        p1_0.module,
        p1_0.name,
        p1_0.updated_at,
        p1_0.version 
    from
        permissions p1_0 
    where
        p1_0.code=?
Hibernate: 
    select
        p1_0.id,
        p1_0.action,
        p1_0.code,
        p1_0.created_at,
        p1_0.description,
        p1_0.module,
        p1_0.name,
        p1_0.updated_at,
        p1_0.version 
    from
        permissions p1_0 
    where
        p1_0.code=?
Hibernate: 
    select
        p1_0.id,
        p1_0.action,
        p1_0.code,
        p1_0.created_at,
        p1_0.description,
        p1_0.module,
        p1_0.name,
        p1_0.updated_at,
        p1_0.version 
    from
        permissions p1_0 
    where
        p1_0.code=?
Hibernate: 
    select
        p1_0.id,
        p1_0.action,
        p1_0.code,
        p1_0.created_at,
        p1_0.description,
        p1_0.module,
        p1_0.name,
        p1_0.updated_at,
        p1_0.version 
    from
        permissions p1_0 
    where
        p1_0.code=?
Hibernate: 
    select
        p1_0.id,
        p1_0.action,
        p1_0.code,
        p1_0.created_at,
        p1_0.description,
        p1_0.module,
        p1_0.name,
        p1_0.updated_at,
        p1_0.version 
    from
        permissions p1_0 
    where
        p1_0.code=?
Hibernate: 
    select
        p1_0.id,
        p1_0.action,
        p1_0.code,
        p1_0.created_at,
        p1_0.description,
        p1_0.module,
        p1_0.name,
        p1_0.updated_at,
        p1_0.version 
    from
        permissions p1_0 
    where
        p1_0.code=?
Hibernate: 
    select
        p1_0.id,
        p1_0.action,
        p1_0.code,
        p1_0.created_at,
        p1_0.description,
        p1_0.module,
        p1_0.name,
        p1_0.updated_at,
        p1_0.version 
    from
        permissions p1_0 
    where
        p1_0.code=?
Hibernate: 
    select
        p1_0.id,
        p1_0.action,
        p1_0.code,
        p1_0.created_at,
        p1_0.description,
        p1_0.module,
        p1_0.name,
        p1_0.updated_at,
        p1_0.version 
    from
        permissions p1_0 
    where
        p1_0.code=?
Hibernate: 
    select
        p1_0.id,
        p1_0.action,
        p1_0.code,
        p1_0.created_at,
        p1_0.description,
        p1_0.module,
        p1_0.name,
        p1_0.updated_at,
        p1_0.version 
    from
        permissions p1_0 
    where
        p1_0.code=?
Hibernate: 
    select
        p1_0.id,
        p1_0.action,
        p1_0.code,
        p1_0.created_at,
        p1_0.description,
        p1_0.module,
        p1_0.name,
        p1_0.updated_at,
        p1_0.version 
    from
        permissions p1_0 
    where
        p1_0.code=?
Hibernate: 
    select
        p1_0.id,
        p1_0.action,
        p1_0.code,
        p1_0.created_at,
        p1_0.description,
        p1_0.module,
        p1_0.name,
        p1_0.updated_at,
        p1_0.version 
    from
        permissions p1_0 
    where
        p1_0.code=?
Hibernate: 
    select
        p1_0.id,
        p1_0.action,
        p1_0.code,
        p1_0.created_at,
        p1_0.description,
        p1_0.module,
        p1_0.name,
        p1_0.updated_at,
        p1_0.version 
    from
        permissions p1_0 
    where
        p1_0.code=?
Hibernate: 
    select
        p1_0.id,
        p1_0.action,
        p1_0.code,
        p1_0.created_at,
        p1_0.description,
        p1_0.module,
        p1_0.name,
        p1_0.updated_at,
        p1_0.version 
    from
        permissions p1_0 
    where
        p1_0.code=?
Hibernate: 
    select
        p1_0.id,
        p1_0.action,
        p1_0.code,
        p1_0.created_at,
        p1_0.description,
        p1_0.module,
        p1_0.name,
        p1_0.updated_at,
        p1_0.version 
    from
        permissions p1_0 
    where
        p1_0.code=?
Hibernate: 
    select
        p1_0.id,
        p1_0.action,
        p1_0.code,
        p1_0.created_at,
        p1_0.description,
        p1_0.module,
        p1_0.name,
        p1_0.updated_at,
        p1_0.version 
    from
        permissions p1_0 
    where
        p1_0.code=?
Hibernate: 
    select
        p1_0.id,
        p1_0.action,
        p1_0.code,
        p1_0.created_at,
        p1_0.description,
        p1_0.module,
        p1_0.name,
        p1_0.updated_at,
        p1_0.version 
    from
        permissions p1_0 
    where
        p1_0.code=?
Hibernate: 
    select
        r1_0.id,
        r1_0.active,
        r1_0.code,
        r1_0.created_at,
        r1_0.description,
        r1_0.name,
        r1_0.updated_at,
        r1_0.version 
    from
        roles r1_0 
    where
        r1_0.code=?
Hibernate: 
    select
        p1_0.role_id,
        p1_1.id,
        p1_1.action,
        p1_1.code,
        p1_1.created_at,
        p1_1.description,
        p1_1.module,
        p1_1.name,
        p1_1.updated_at,
        p1_1.version 
    from
        role_permissions p1_0 
    join
        permissions p1_1 
            on p1_1.id=p1_0.permission_id 
    where
        p1_0.role_id=?
Hibernate: 
    update
        roles 
    set
        active=?,
        code=?,
        description=?,
        name=?,
        updated_at=?,
        version=? 
    where
        id=? 
        and version=?
Hibernate: 
    delete 
    from
        role_permissions 
    where
        role_id=?
Hibernate: 
    insert 
    into
        role_permissions
        (role_id, permission_id) 
    values
        (?, ?)
Hibernate: 
    insert 
    into
        role_permissions
        (role_id, permission_id) 
    values
        (?, ?)
Hibernate: 
    insert 
    into
        role_permissions
        (role_id, permission_id) 
    values
        (?, ?)
Hibernate: 
    insert 
    into
        role_permissions
        (role_id, permission_id) 
    values
        (?, ?)
Hibernate: 
    insert 
    into
        role_permissions
        (role_id, permission_id) 
    values
        (?, ?)
Hibernate: 
    insert 
    into
        role_permissions
        (role_id, permission_id) 
    values
        (?, ?)
Hibernate: 
    insert 
    into
        role_permissions
        (role_id, permission_id) 
    values
        (?, ?)
Hibernate: 
    insert 
    into
        role_permissions
        (role_id, permission_id) 
    values
        (?, ?)
Hibernate: 
    insert 
    into
        role_permissions
        (role_id, permission_id) 
    values
        (?, ?)
Hibernate: 
    insert 
    into
        role_permissions
        (role_id, permission_id) 
    values
        (?, ?)
Hibernate: 
    insert 
    into
        role_permissions
        (role_id, permission_id) 
    values
        (?, ?)
Hibernate: 
    insert 
    into
        role_permissions
        (role_id, permission_id) 
    values
        (?, ?)
Hibernate: 
    insert 
    into
        role_permissions
        (role_id, permission_id) 
    values
        (?, ?)
Hibernate: 
    insert 
    into
        role_permissions
        (role_id, permission_id) 
    values
        (?, ?)
Hibernate: 
    insert 
    into
        role_permissions
        (role_id, permission_id) 
    values
        (?, ?)
Hibernate: 
    insert 
    into
        role_permissions
        (role_id, permission_id) 
    values
        (?, ?)
Hibernate: 
    insert 
    into
        role_permissions
        (role_id, permission_id) 
    values
        (?, ?)
Hibernate: 
    insert 
    into
        role_permissions
        (role_id, permission_id) 
    values
        (?, ?)
Hibernate: 
    insert 
    into
        role_permissions
        (role_id, permission_id) 
    values
        (?, ?)
Hibernate: 
    insert 
    into
        role_permissions
        (role_id, permission_id) 
    values
        (?, ?)
Hibernate: 
    insert 
    into
        role_permissions
        (role_id, permission_id) 
    values
        (?, ?)
Hibernate: 
    insert 
    into
        role_permissions
        (role_id, permission_id) 
    values
        (?, ?)
Hibernate: 
    insert 
    into
        role_permissions
        (role_id, permission_id) 
    values
        (?, ?)
Hibernate: 
    insert 
    into
        role_permissions
        (role_id, permission_id) 
    values
        (?, ?)
Hibernate: 
    insert 
    into
        role_permissions
        (role_id, permission_id) 
    values
        (?, ?)
Hibernate: 
    insert 
    into
        role_permissions
        (role_id, permission_id) 
    values
        (?, ?)
Hibernate: 
    insert 
    into
        role_permissions
        (role_id, permission_id) 
    values
        (?, ?)
Hibernate: 
    insert 
    into
        role_permissions
        (role_id, permission_id) 
    values
        (?, ?)
Hibernate: 
    insert 
    into
        role_permissions
        (role_id, permission_id) 
    values
        (?, ?)
Hibernate: 
    insert 
    into
        role_permissions
        (role_id, permission_id) 
    values
        (?, ?)
Hibernate: 
    insert 
    into
        role_permissions
        (role_id, permission_id) 
    values
        (?, ?)
Hibernate: 
    insert 
    into
        role_permissions
        (role_id, permission_id) 
    values
        (?, ?)
Hibernate: 
    insert 
    into
        role_permissions
        (role_id, permission_id) 
    values
        (?, ?)
Hibernate: 
    insert 
    into
        role_permissions
        (role_id, permission_id) 
    values
        (?, ?)
Hibernate: 
    insert 
    into
        role_permissions
        (role_id, permission_id) 
    values
        (?, ?)
Hibernate: 
    insert 
    into
        role_permissions
        (role_id, permission_id) 
    values
        (?, ?)
Hibernate: 
    insert 
    into
        role_permissions
        (role_id, permission_id) 
    values
        (?, ?)
Hibernate: 
    insert 
    into
        role_permissions
        (role_id, permission_id) 
    values
        (?, ?)
Hibernate: 
    insert 
    into
        role_permissions
        (role_id, permission_id) 
    values
        (?, ?)
Hibernate: 
    insert 
    into
        role_permissions
        (role_id, permission_id) 
    values
        (?, ?)
Hibernate: 
    insert 
    into
        role_permissions
        (role_id, permission_id) 
    values
        (?, ?)
Hibernate: 
    insert 
    into
        role_permissions
        (role_id, permission_id) 
    values
        (?, ?)
Hibernate: 
    insert 
    into
        role_permissions
        (role_id, permission_id) 
    values
        (?, ?)
Hibernate: 
    insert 
    into
        role_permissions
        (role_id, permission_id) 
    values
        (?, ?)
Hibernate: 
    insert 
    into
        role_permissions
        (role_id, permission_id) 
    values
        (?, ?)
Hibernate: 
    insert 
    into
        role_permissions
        (role_id, permission_id) 
    values
        (?, ?)
Hibernate: 
    insert 
    into
        role_permissions
        (role_id, permission_id) 
    values
        (?, ?)
Hibernate: 
    insert 
    into
        role_permissions
        (role_id, permission_id) 
    values
        (?, ?)
Hibernate: 
    insert 
    into
        role_permissions
        (role_id, permission_id) 
    values
        (?, ?)
Hibernate: 
    insert 
    into
        role_permissions
        (role_id, permission_id) 
    values
        (?, ?)
Hibernate: 
    insert 
    into
        role_permissions
        (role_id, permission_id) 
    values
        (?, ?)
Hibernate: 
    insert 
    into
        role_permissions
        (role_id, permission_id) 
    values
        (?, ?)
Hibernate: 
    insert 
    into
        role_permissions
        (role_id, permission_id) 
    values
        (?, ?)
Hibernate: 
    insert 
    into
        role_permissions
        (role_id, permission_id) 
    values
        (?, ?)
Hibernate: 
    select
        r1_0.id,
        r1_0.active,
        r1_0.code,
        r1_0.created_at,
        r1_0.description,
        r1_0.name,
        r1_0.updated_at,
        r1_0.version 
    from
        roles r1_0 
    where
        r1_0.code=?
Hibernate: 
    select
        p1_0.role_id,
        p1_1.id,
        p1_1.action,
        p1_1.code,
        p1_1.created_at,
        p1_1.description,
        p1_1.module,
        p1_1.name,
        p1_1.updated_at,
        p1_1.version 
    from
        role_permissions p1_0 
    join
        permissions p1_1 
            on p1_1.id=p1_0.permission_id 
    where
        p1_0.role_id=?
Hibernate: 
    update
        roles 
    set
        active=?,
        code=?,
        description=?,
        name=?,
        updated_at=?,
        version=? 
    where
        id=? 
        and version=?
Hibernate: 
    delete 
    from
        role_permissions 
    where
        role_id=?
Hibernate: 
    insert 
    into
        role_permissions
        (role_id, permission_id) 
    values
        (?, ?)
Hibernate: 
    insert 
    into
        role_permissions
        (role_id, permission_id) 
    values
        (?, ?)
Hibernate: 
    insert 
    into
        role_permissions
        (role_id, permission_id) 
    values
        (?, ?)
Hibernate: 
    insert 
    into
        role_permissions
        (role_id, permission_id) 
    values
        (?, ?)
Hibernate: 
    insert 
    into
        role_permissions
        (role_id, permission_id) 
    values
        (?, ?)
Hibernate: 
    insert 
    into
        role_permissions
        (role_id, permission_id) 
    values
        (?, ?)
Hibernate: 
    insert 
    into
        role_permissions
        (role_id, permission_id) 
    values
        (?, ?)
Hibernate: 
    insert 
    into
        role_permissions
        (role_id, permission_id) 
    values
        (?, ?)
Hibernate: 
    insert 
    into
        role_permissions
        (role_id, permission_id) 
    values
        (?, ?)
Hibernate: 
    insert 
    into
        role_permissions
        (role_id, permission_id) 
    values
        (?, ?)
Hibernate: 
    insert 
    into
        role_permissions
        (role_id, permission_id) 
    values
        (?, ?)
Hibernate: 
    insert 
    into
        role_permissions
        (role_id, permission_id) 
    values
        (?, ?)
Hibernate: 
    insert 
    into
        role_permissions
        (role_id, permission_id) 
    values
        (?, ?)
Hibernate: 
    insert 
    into
        role_permissions
        (role_id, permission_id) 
    values
        (?, ?)
Hibernate: 
    insert 
    into
        role_permissions
        (role_id, permission_id) 
    values
        (?, ?)
Hibernate: 
    insert 
    into
        role_permissions
        (role_id, permission_id) 
    values
        (?, ?)
Hibernate: 
    insert 
    into
        role_permissions
        (role_id, permission_id) 
    values
        (?, ?)
Hibernate: 
    insert 
    into
        role_permissions
        (role_id, permission_id) 
    values
        (?, ?)
Hibernate: 
    insert 
    into
        role_permissions
        (role_id, permission_id) 
    values
        (?, ?)
Hibernate: 
    insert 
    into
        role_permissions
        (role_id, permission_id) 
    values
        (?, ?)
Hibernate: 
    insert 
    into
        role_permissions
        (role_id, permission_id) 
    values
        (?, ?)
Hibernate: 
    insert 
    into
        role_permissions
        (role_id, permission_id) 
    values
        (?, ?)
Hibernate: 
    insert 
    into
        role_permissions
        (role_id, permission_id) 
    values
        (?, ?)
Hibernate: 
    insert 
    into
        role_permissions
        (role_id, permission_id) 
    values
        (?, ?)
Hibernate: 
    insert 
    into
        role_permissions
        (role_id, permission_id) 
    values
        (?, ?)
Hibernate: 
    insert 
    into
        role_permissions
        (role_id, permission_id) 
    values
        (?, ?)
Hibernate: 
    insert 
    into
        role_permissions
        (role_id, permission_id) 
    values
        (?, ?)
Hibernate: 
    insert 
    into
        role_permissions
        (role_id, permission_id) 
    values
        (?, ?)
Hibernate: 
    insert 
    into
        role_permissions
        (role_id, permission_id) 
    values
        (?, ?)
Hibernate: 
    insert 
    into
        role_permissions
        (role_id, permission_id) 
    values
        (?, ?)
Hibernate: 
    insert 
    into
        role_permissions
        (role_id, permission_id) 
    values
        (?, ?)
Hibernate: 
    insert 
    into
        role_permissions
        (role_id, permission_id) 
    values
        (?, ?)
Hibernate: 
    insert 
    into
        role_permissions
        (role_id, permission_id) 
    values
        (?, ?)
Hibernate: 
    insert 
    into
        role_permissions
        (role_id, permission_id) 
    values
        (?, ?)
Hibernate: 
    insert 
    into
        role_permissions
        (role_id, permission_id) 
    values
        (?, ?)
Hibernate: 
    insert 
    into
        role_permissions
        (role_id, permission_id) 
    values
        (?, ?)
Hibernate: 
    insert 
    into
        role_permissions
        (role_id, permission_id) 
    values
        (?, ?)
Hibernate: 
    insert 
    into
        role_permissions
        (role_id, permission_id) 
    values
        (?, ?)
Hibernate: 
    insert 
    into
        role_permissions
        (role_id, permission_id) 
    values
        (?, ?)
Hibernate: 
    insert 
    into
        role_permissions
        (role_id, permission_id) 
    values
        (?, ?)
Hibernate: 
    insert 
    into
        role_permissions
        (role_id, permission_id) 
    values
        (?, ?)
Hibernate: 
    insert 
    into
        role_permissions
        (role_id, permission_id) 
    values
        (?, ?)
Hibernate: 
    insert 
    into
        role_permissions
        (role_id, permission_id) 
    values
        (?, ?)
Hibernate: 
    insert 
    into
        role_permissions
        (role_id, permission_id) 
    values
        (?, ?)
Hibernate: 
    insert 
    into
        role_permissions
        (role_id, permission_id) 
    values
        (?, ?)
Hibernate: 
    insert 
    into
        role_permissions
        (role_id, permission_id) 
    values
        (?, ?)
Hibernate: 
    insert 
    into
        role_permissions
        (role_id, permission_id) 
    values
        (?, ?)
Hibernate: 
    insert 
    into
        role_permissions
        (role_id, permission_id) 
    values
        (?, ?)
Hibernate: 
    insert 
    into
        role_permissions
        (role_id, permission_id) 
    values
        (?, ?)
Hibernate: 
    insert 
    into
        role_permissions
        (role_id, permission_id) 
    values
        (?, ?)
Hibernate: 
    insert 
    into
        role_permissions
        (role_id, permission_id) 
    values
        (?, ?)
Hibernate: 
    insert 
    into
        role_permissions
        (role_id, permission_id) 
    values
        (?, ?)
Hibernate: 
    insert 
    into
        role_permissions
        (role_id, permission_id) 
    values
        (?, ?)
Hibernate: 
    select
        r1_0.id,
        r1_0.active,
        r1_0.code,
        r1_0.created_at,
        r1_0.description,
        r1_0.name,
        r1_0.updated_at,
        r1_0.version 
    from
        roles r1_0 
    where
        r1_0.code=?
Hibernate: 
    select
        p1_0.role_id,
        p1_1.id,
        p1_1.action,
        p1_1.code,
        p1_1.created_at,
        p1_1.description,
        p1_1.module,
        p1_1.name,
        p1_1.updated_at,
        p1_1.version 
    from
        role_permissions p1_0 
    join
        permissions p1_1 
            on p1_1.id=p1_0.permission_id 
    where
        p1_0.role_id=?
Hibernate: 
    update
        roles 
    set
        active=?,
        code=?,
        description=?,
        name=?,
        updated_at=?,
        version=? 
    where
        id=? 
        and version=?
Hibernate: 
    delete 
    from
        role_permissions 
    where
        role_id=?
Hibernate: 
    insert 
    into
        role_permissions
        (role_id, permission_id) 
    values
        (?, ?)
Hibernate: 
    insert 
    into
        role_permissions
        (role_id, permission_id) 
    values
        (?, ?)
Hibernate: 
    insert 
    into
        role_permissions
        (role_id, permission_id) 
    values
        (?, ?)
Hibernate: 
    insert 
    into
        role_permissions
        (role_id, permission_id) 
    values
        (?, ?)
Hibernate: 
    insert 
    into
        role_permissions
        (role_id, permission_id) 
    values
        (?, ?)
Hibernate: 
    insert 
    into
        role_permissions
        (role_id, permission_id) 
    values
        (?, ?)
Hibernate: 
    insert 
    into
        role_permissions
        (role_id, permission_id) 
    values
        (?, ?)
Hibernate: 
    insert 
    into
        role_permissions
        (role_id, permission_id) 
    values
        (?, ?)
Hibernate: 
    insert 
    into
        role_permissions
        (role_id, permission_id) 
    values
        (?, ?)
Hibernate: 
    insert 
    into
        role_permissions
        (role_id, permission_id) 
    values
        (?, ?)
Hibernate: 
    insert 
    into
        role_permissions
        (role_id, permission_id) 
    values
        (?, ?)
Hibernate: 
    insert 
    into
        role_permissions
        (role_id, permission_id) 
    values
        (?, ?)
Hibernate: 
    insert 
    into
        role_permissions
        (role_id, permission_id) 
    values
        (?, ?)
Hibernate: 
    insert 
    into
        role_permissions
        (role_id, permission_id) 
    values
        (?, ?)
Hibernate: 
    insert 
    into
        role_permissions
        (role_id, permission_id) 
    values
        (?, ?)
Hibernate: 
    insert 
    into
        role_permissions
        (role_id, permission_id) 
    values
        (?, ?)
Hibernate: 
    select
        r1_0.id,
        r1_0.active,
        r1_0.code,
        r1_0.created_at,
        r1_0.description,
        r1_0.name,
        r1_0.updated_at,
        r1_0.version 
    from
        roles r1_0 
    where
        r1_0.code=?
Hibernate: 
    select
        p1_0.role_id,
        p1_1.id,
        p1_1.action,
        p1_1.code,
        p1_1.created_at,
        p1_1.description,
        p1_1.module,
        p1_1.name,
        p1_1.updated_at,
        p1_1.version 
    from
        role_permissions p1_0 
    join
        permissions p1_1 
            on p1_1.id=p1_0.permission_id 
    where
        p1_0.role_id=?
Hibernate: 
    update
        roles 
    set
        active=?,
        code=?,
        description=?,
        name=?,
        updated_at=?,
        version=? 
    where
        id=? 
        and version=?
Hibernate: 
    delete 
    from
        role_permissions 
    where
        role_id=?
Hibernate: 
    insert 
    into
        role_permissions
        (role_id, permission_id) 
    values
        (?, ?)
Hibernate: 
    insert 
    into
        role_permissions
        (role_id, permission_id) 
    values
        (?, ?)
Hibernate: 
    insert 
    into
        role_permissions
        (role_id, permission_id) 
    values
        (?, ?)
Hibernate: 
    insert 
    into
        role_permissions
        (role_id, permission_id) 
    values
        (?, ?)
Hibernate: 
    insert 
    into
        role_permissions
        (role_id, permission_id) 
    values
        (?, ?)
Hibernate: 
    insert 
    into
        role_permissions
        (role_id, permission_id) 
    values
        (?, ?)
Hibernate: 
    insert 
    into
        role_permissions
        (role_id, permission_id) 
    values
        (?, ?)
Hibernate: 
    insert 
    into
        role_permissions
        (role_id, permission_id) 
    values
        (?, ?)
Hibernate: 
    insert 
    into
        role_permissions
        (role_id, permission_id) 
    values
        (?, ?)
Hibernate: 
    insert 
    into
        role_permissions
        (role_id, permission_id) 
    values
        (?, ?)
Hibernate: 
    select
        r1_0.id,
        r1_0.active,
        r1_0.code,
        r1_0.created_at,
        r1_0.description,
        r1_0.name,
        r1_0.updated_at,
        r1_0.version 
    from
        roles r1_0 
    where
        r1_0.code=?
Hibernate: 
    select
        p1_0.role_id,
        p1_1.id,
        p1_1.action,
        p1_1.code,
        p1_1.created_at,
        p1_1.description,
        p1_1.module,
        p1_1.name,
        p1_1.updated_at,
        p1_1.version 
    from
        role_permissions p1_0 
    join
        permissions p1_1 
            on p1_1.id=p1_0.permission_id 
    where
        p1_0.role_id=?
Hibernate: 
    update
        roles 
    set
        active=?,
        code=?,
        description=?,
        name=?,
        updated_at=?,
        version=? 
    where
        id=? 
        and version=?
Hibernate: 
    delete 
    from
        role_permissions 
    where
        role_id=?
Hibernate: 
    insert 
    into
        role_permissions
        (role_id, permission_id) 
    values
        (?, ?)
Hibernate: 
    insert 
    into
        role_permissions
        (role_id, permission_id) 
    values
        (?, ?)
Hibernate: 
    insert 
    into
        role_permissions
        (role_id, permission_id) 
    values
        (?, ?)
Hibernate: 
    insert 
    into
        role_permissions
        (role_id, permission_id) 
    values
        (?, ?)
Hibernate: 
    insert 
    into
        role_permissions
        (role_id, permission_id) 
    values
        (?, ?)
Hibernate: 
    insert 
    into
        role_permissions
        (role_id, permission_id) 
    values
        (?, ?)
Hibernate: 
    insert 
    into
        role_permissions
        (role_id, permission_id) 
    values
        (?, ?)
Hibernate: 
    insert 
    into
        role_permissions
        (role_id, permission_id) 
    values
        (?, ?)
Hibernate: 
    insert 
    into
        role_permissions
        (role_id, permission_id) 
    values
        (?, ?)
Hibernate: 
    insert 
    into
        role_permissions
        (role_id, permission_id) 
    values
        (?, ?)
Hibernate: 
    insert 
    into
        role_permissions
        (role_id, permission_id) 
    values
        (?, ?)
Hibernate: 
    select
        r1_0.id,
        r1_0.active,
        r1_0.code,
        r1_0.created_at,
        r1_0.description,
        r1_0.name,
        r1_0.updated_at,
        r1_0.version 
    from
        roles r1_0 
    where
        r1_0.code=?
Hibernate: 
    select
        p1_0.role_id,
        p1_1.id,
        p1_1.action,
        p1_1.code,
        p1_1.created_at,
        p1_1.description,
        p1_1.module,
        p1_1.name,
        p1_1.updated_at,
        p1_1.version 
    from
        role_permissions p1_0 
    join
        permissions p1_1 
            on p1_1.id=p1_0.permission_id 
    where
        p1_0.role_id=?
Hibernate: 
    update
        roles 
    set
        active=?,
        code=?,
        description=?,
        name=?,
        updated_at=?,
        version=? 
    where
        id=? 
        and version=?
Hibernate: 
    delete 
    from
        role_permissions 
    where
        role_id=?
Hibernate: 
    insert 
    into
        role_permissions
        (role_id, permission_id) 
    values
        (?, ?)
Hibernate: 
    insert 
    into
        role_permissions
        (role_id, permission_id) 
    values
        (?, ?)
Hibernate: 
    insert 
    into
        role_permissions
        (role_id, permission_id) 
    values
        (?, ?)
Hibernate: 
    insert 
    into
        role_permissions
        (role_id, permission_id) 
    values
        (?, ?)
Hibernate: 
    insert 
    into
        role_permissions
        (role_id, permission_id) 
    values
        (?, ?)
Hibernate: 
    insert 
    into
        role_permissions
        (role_id, permission_id) 
    values
        (?, ?)
Hibernate: 
    insert 
    into
        role_permissions
        (role_id, permission_id) 
    values
        (?, ?)
Hibernate: 
    insert 
    into
        role_permissions
        (role_id, permission_id) 
    values
        (?, ?)
Hibernate: 
    select
        r1_0.id,
        r1_0.active,
        r1_0.code,
        r1_0.created_at,
        r1_0.description,
        r1_0.name,
        r1_0.updated_at,
        r1_0.version 
    from
        roles r1_0 
    where
        r1_0.code=?
Hibernate: 
    select
        p1_0.role_id,
        p1_1.id,
        p1_1.action,
        p1_1.code,
        p1_1.created_at,
        p1_1.description,
        p1_1.module,
        p1_1.name,
        p1_1.updated_at,
        p1_1.version 
    from
        role_permissions p1_0 
    join
        permissions p1_1 
            on p1_1.id=p1_0.permission_id 
    where
        p1_0.role_id=?
Hibernate: 
    update
        roles 
    set
        active=?,
        code=?,
        description=?,
        name=?,
        updated_at=?,
        version=? 
    where
        id=? 
        and version=?
Hibernate: 
    delete 
    from
        role_permissions 
    where
        role_id=?
Hibernate: 
    insert 
    into
        role_permissions
        (role_id, permission_id) 
    values
        (?, ?)
Hibernate: 
    insert 
    into
        role_permissions
        (role_id, permission_id) 
    values
        (?, ?)
Hibernate: 
    insert 
    into
        role_permissions
        (role_id, permission_id) 
    values
        (?, ?)
Hibernate: 
    insert 
    into
        role_permissions
        (role_id, permission_id) 
    values
        (?, ?)
Hibernate: 
    insert 
    into
        role_permissions
        (role_id, permission_id) 
    values
        (?, ?)
Hibernate: 
    insert 
    into
        role_permissions
        (role_id, permission_id) 
    values
        (?, ?)
Hibernate: 
    insert 
    into
        role_permissions
        (role_id, permission_id) 
    values
        (?, ?)
Hibernate: 
    insert 
    into
        role_permissions
        (role_id, permission_id) 
    values
        (?, ?)
Hibernate: 
    select
        r1_0.id,
        r1_0.active,
        r1_0.code,
        r1_0.created_at,
        r1_0.description,
        r1_0.name,
        r1_0.updated_at,
        r1_0.version 
    from
        roles r1_0 
    where
        r1_0.code=?
Hibernate: 
    select
        p1_0.role_id,
        p1_1.id,
        p1_1.action,
        p1_1.code,
        p1_1.created_at,
        p1_1.description,
        p1_1.module,
        p1_1.name,
        p1_1.updated_at,
        p1_1.version 
    from
        role_permissions p1_0 
    join
        permissions p1_1 
            on p1_1.id=p1_0.permission_id 
    where
        p1_0.role_id=?
Hibernate: 
    select
        u1_0.id 
    from
        users u1_0 
    where
        u1_0.username=? 
    limit
        ?
Hibernate: 
    select
        u1_0.id 
    from
        users u1_0 
    where
        u1_0.username=? 
    limit
        ?
Hibernate: 
    select
        u1_0.id 
    from
        users u1_0 
    where
        u1_0.username=? 
    limit
        ?
Hibernate: 
    select
        u1_0.id 
    from
        users u1_0 
    where
        u1_0.username=? 
    limit
        ?
Hibernate: 
    select
        u1_0.id 
    from
        users u1_0 
    where
        u1_0.username=? 
    limit
        ?
Hibernate: 
    select
        m1_0.id,
        m1_0.active,
        m1_0.created_at,
        m1_0.icon,
        m1_0.module,
        m1_0.order_no,
        m1_0.parent_id,
        m1_0.permission_code,
        m1_0.route,
        m1_0.title,
        m1_0.updated_at,
        m1_0.version,
        m1_0.visible 
    from
        menus m1_0 
    where
        m1_0.title=? 
        and m1_0.parent_id is null
Hibernate: 
    select
        c1_0.parent_id,
        c1_0.id,
        c1_0.active,
        c1_0.created_at,
        c1_0.icon,
        c1_0.module,
        c1_0.order_no,
        c1_0.permission_code,
        c1_0.route,
        c1_0.title,
        c1_0.updated_at,
        c1_0.version,
        c1_0.visible 
    from
        menus c1_0 
    where
        c1_0.parent_id=? 
    order by
        c1_0.order_no
Hibernate: 
    select
        m1_0.id,
        m1_0.active,
        m1_0.created_at,
        m1_0.icon,
        m1_0.module,
        m1_0.order_no,
        m1_0.parent_id,
        m1_0.permission_code,
        m1_0.route,
        m1_0.title,
        m1_0.updated_at,
        m1_0.version,
        m1_0.visible 
    from
        menus m1_0 
    where
        m1_0.title=? 
        and m1_0.parent_id is null
Hibernate: 
    select
        c1_0.parent_id,
        c1_0.id,
        c1_0.active,
        c1_0.created_at,
        c1_0.icon,
        c1_0.module,
        c1_0.order_no,
        c1_0.permission_code,
        c1_0.route,
        c1_0.title,
        c1_0.updated_at,
        c1_0.version,
        c1_0.visible 
    from
        menus c1_0 
    where
        c1_0.parent_id=? 
    order by
        c1_0.order_no
Hibernate: 
    select
        c1_0.parent_id,
        c1_0.id,
        c1_0.active,
        c1_0.created_at,
        c1_0.icon,
        c1_0.module,
        c1_0.order_no,
        c1_0.permission_code,
        c1_0.route,
        c1_0.title,
        c1_0.updated_at,
        c1_0.version,
        c1_0.visible 
    from
        menus c1_0 
    where
        c1_0.parent_id=? 
    order by
        c1_0.order_no
Hibernate: 
    select
        c1_0.parent_id,
        c1_0.id,
        c1_0.active,
        c1_0.created_at,
        c1_0.icon,
        c1_0.module,
        c1_0.order_no,
        c1_0.permission_code,
        c1_0.route,
        c1_0.title,
        c1_0.updated_at,
        c1_0.version,
        c1_0.visible 
    from
        menus c1_0 
    where
        c1_0.parent_id=? 
    order by
        c1_0.order_no
Hibernate: 
    select
        c1_0.parent_id,
        c1_0.id,
        c1_0.active,
        c1_0.created_at,
        c1_0.icon,
        c1_0.module,
        c1_0.order_no,
        c1_0.permission_code,
        c1_0.route,
        c1_0.title,
        c1_0.updated_at,
        c1_0.version,
        c1_0.visible 
    from
        menus c1_0 
    where
        c1_0.parent_id=? 
    order by
        c1_0.order_no
Hibernate: 
    select
        c1_0.parent_id,
        c1_0.id,
        c1_0.active,
        c1_0.created_at,
        c1_0.icon,
        c1_0.module,
        c1_0.order_no,
        c1_0.permission_code,
        c1_0.route,
        c1_0.title,
        c1_0.updated_at,
        c1_0.version,
        c1_0.visible 
    from
        menus c1_0 
    where
        c1_0.parent_id=? 
    order by
        c1_0.order_no
Hibernate: 
    select
        c1_0.parent_id,
        c1_0.id,
        c1_0.active,
        c1_0.created_at,
        c1_0.icon,
        c1_0.module,
        c1_0.order_no,
        c1_0.permission_code,
        c1_0.route,
        c1_0.title,
        c1_0.updated_at,
        c1_0.version,
        c1_0.visible 
    from
        menus c1_0 
    where
        c1_0.parent_id=? 
    order by
        c1_0.order_no
Hibernate: 
    select
        c1_0.parent_id,
        c1_0.id,
        c1_0.active,
        c1_0.created_at,
        c1_0.icon,
        c1_0.module,
        c1_0.order_no,
        c1_0.permission_code,
        c1_0.route,
        c1_0.title,
        c1_0.updated_at,
        c1_0.version,
        c1_0.visible 
    from
        menus c1_0 
    where
        c1_0.parent_id=? 
    order by
        c1_0.order_no
Hibernate: 
    select
        c1_0.parent_id,
        c1_0.id,
        c1_0.active,
        c1_0.created_at,
        c1_0.icon,
        c1_0.module,
        c1_0.order_no,
        c1_0.permission_code,
        c1_0.route,
        c1_0.title,
        c1_0.updated_at,
        c1_0.version,
        c1_0.visible 
    from
        menus c1_0 
    where
        c1_0.parent_id=? 
    order by
        c1_0.order_no
Hibernate: 
    select
        c1_0.parent_id,
        c1_0.id,
        c1_0.active,
        c1_0.created_at,
        c1_0.icon,
        c1_0.module,
        c1_0.order_no,
        c1_0.permission_code,
        c1_0.route,
        c1_0.title,
        c1_0.updated_at,
        c1_0.version,
        c1_0.visible 
    from
        menus c1_0 
    where
        c1_0.parent_id=? 
    order by
        c1_0.order_no
Hibernate: 
    select
        c1_0.parent_id,
        c1_0.id,
        c1_0.active,
        c1_0.created_at,
        c1_0.icon,
        c1_0.module,
        c1_0.order_no,
        c1_0.permission_code,
        c1_0.route,
        c1_0.title,
        c1_0.updated_at,
        c1_0.version,
        c1_0.visible 
    from
        menus c1_0 
    where
        c1_0.parent_id=? 
    order by
        c1_0.order_no
Hibernate: 
    select
        c1_0.parent_id,
        c1_0.id,
        c1_0.active,
        c1_0.created_at,
        c1_0.icon,
        c1_0.module,
        c1_0.order_no,
        c1_0.permission_code,
        c1_0.route,
        c1_0.title,
        c1_0.updated_at,
        c1_0.version,
        c1_0.visible 
    from
        menus c1_0 
    where
        c1_0.parent_id=? 
    order by
        c1_0.order_no
Hibernate: 
    select
        c1_0.parent_id,
        c1_0.id,
        c1_0.active,
        c1_0.created_at,
        c1_0.icon,
        c1_0.module,
        c1_0.order_no,
        c1_0.permission_code,
        c1_0.route,
        c1_0.title,
        c1_0.updated_at,
        c1_0.version,
        c1_0.visible 
    from
        menus c1_0 
    where
        c1_0.parent_id=? 
    order by
        c1_0.order_no
Hibernate: 
    select
        c1_0.parent_id,
        c1_0.id,
        c1_0.active,
        c1_0.created_at,
        c1_0.icon,
        c1_0.module,
        c1_0.order_no,
        c1_0.permission_code,
        c1_0.route,
        c1_0.title,
        c1_0.updated_at,
        c1_0.version,
        c1_0.visible 
    from
        menus c1_0 
    where
        c1_0.parent_id=? 
    order by
        c1_0.order_no
Hibernate: 
    select
        c1_0.parent_id,
        c1_0.id,
        c1_0.active,
        c1_0.created_at,
        c1_0.icon,
        c1_0.module,
        c1_0.order_no,
        c1_0.permission_code,
        c1_0.route,
        c1_0.title,
        c1_0.updated_at,
        c1_0.version,
        c1_0.visible 
    from
        menus c1_0 
    where
        c1_0.parent_id=? 
    order by
        c1_0.order_no
Hibernate: 
    select
        c1_0.parent_id,
        c1_0.id,
        c1_0.active,
        c1_0.created_at,
        c1_0.icon,
        c1_0.module,
        c1_0.order_no,
        c1_0.permission_code,
        c1_0.route,
        c1_0.title,
        c1_0.updated_at,
        c1_0.version,
        c1_0.visible 
    from
        menus c1_0 
    where
        c1_0.parent_id=? 
    order by
        c1_0.order_no
Hibernate: 
    select
        c1_0.parent_id,
        c1_0.id,
        c1_0.active,
        c1_0.created_at,
        c1_0.icon,
        c1_0.module,
        c1_0.order_no,
        c1_0.permission_code,
        c1_0.route,
        c1_0.title,
        c1_0.updated_at,
        c1_0.version,
        c1_0.visible 
    from
        menus c1_0 
    where
        c1_0.parent_id=? 
    order by
        c1_0.order_no
Hibernate: 
    select
        c1_0.parent_id,
        c1_0.id,
        c1_0.active,
        c1_0.created_at,
        c1_0.icon,
        c1_0.module,
        c1_0.order_no,
        c1_0.permission_code,
        c1_0.route,
        c1_0.title,
        c1_0.updated_at,
        c1_0.version,
        c1_0.visible 
    from
        menus c1_0 
    where
        c1_0.parent_id=? 
    order by
        c1_0.order_no
Hibernate: 
    select
        c1_0.parent_id,
        c1_0.id,
        c1_0.active,
        c1_0.created_at,
        c1_0.icon,
        c1_0.module,
        c1_0.order_no,
        c1_0.permission_code,
        c1_0.route,
        c1_0.title,
        c1_0.updated_at,
        c1_0.version,
        c1_0.visible 
    from
        menus c1_0 
    where
        c1_0.parent_id=? 
    order by
        c1_0.order_no
Hibernate: 
    select
        m1_0.id,
        m1_0.active,
        m1_0.created_at,
        m1_0.icon,
        m1_0.module,
        m1_0.order_no,
        m1_0.parent_id,
        m1_0.permission_code,
        m1_0.route,
        m1_0.title,
        m1_0.updated_at,
        m1_0.version,
        m1_0.visible 
    from
        menus m1_0 
    where
        m1_0.title=? 
        and m1_0.parent_id=?
Hibernate: 
    select
        m1_0.id,
        m1_0.active,
        m1_0.created_at,
        m1_0.icon,
        m1_0.module,
        m1_0.order_no,
        m1_0.parent_id,
        m1_0.permission_code,
        m1_0.route,
        m1_0.title,
        m1_0.updated_at,
        m1_0.version,
        m1_0.visible 
    from
        menus m1_0 
    where
        m1_0.title=? 
        and m1_0.parent_id=?
Hibernate: 
    select
        m1_0.id,
        m1_0.active,
        m1_0.created_at,
        m1_0.icon,
        m1_0.module,
        m1_0.order_no,
        m1_0.parent_id,
        m1_0.permission_code,
        m1_0.route,
        m1_0.title,
        m1_0.updated_at,
        m1_0.version,
        m1_0.visible 
    from
        menus m1_0 
    where
        m1_0.title=? 
        and m1_0.parent_id=?
Hibernate: 
    select
        m1_0.id,
        m1_0.active,
        m1_0.created_at,
        m1_0.icon,
        m1_0.module,
        m1_0.order_no,
        m1_0.parent_id,
        m1_0.permission_code,
        m1_0.route,
        m1_0.title,
        m1_0.updated_at,
        m1_0.version,
        m1_0.visible 
    from
        menus m1_0 
    where
        m1_0.title=? 
        and m1_0.parent_id=?
Hibernate: 
    select
        m1_0.id,
        m1_0.active,
        m1_0.created_at,
        m1_0.icon,
        m1_0.module,
        m1_0.order_no,
        m1_0.parent_id,
        m1_0.permission_code,
        m1_0.route,
        m1_0.title,
        m1_0.updated_at,
        m1_0.version,
        m1_0.visible 
    from
        menus m1_0 
    where
        m1_0.title=? 
        and m1_0.parent_id=?
Hibernate: 
    select
        m1_0.id,
        m1_0.active,
        m1_0.created_at,
        m1_0.icon,
        m1_0.module,
        m1_0.order_no,
        m1_0.parent_id,
        m1_0.permission_code,
        m1_0.route,
        m1_0.title,
        m1_0.updated_at,
        m1_0.version,
        m1_0.visible 
    from
        menus m1_0 
    where
        m1_0.title=? 
        and m1_0.parent_id=?
Hibernate: 
    select
        m1_0.id,
        m1_0.active,
        m1_0.created_at,
        m1_0.icon,
        m1_0.module,
        m1_0.order_no,
        m1_0.parent_id,
        m1_0.permission_code,
        m1_0.route,
        m1_0.title,
        m1_0.updated_at,
        m1_0.version,
        m1_0.visible 
    from
        menus m1_0 
    where
        m1_0.title=? 
        and m1_0.parent_id=?
Hibernate: 
    select
        m1_0.id,
        m1_0.active,
        m1_0.created_at,
        m1_0.icon,
        m1_0.module,
        m1_0.order_no,
        m1_0.parent_id,
        m1_0.permission_code,
        m1_0.route,
        m1_0.title,
        m1_0.updated_at,
        m1_0.version,
        m1_0.visible 
    from
        menus m1_0 
    where
        m1_0.title=? 
        and m1_0.parent_id=?
Hibernate: 
    select
        m1_0.id,
        m1_0.active,
        m1_0.created_at,
        m1_0.icon,
        m1_0.module,
        m1_0.order_no,
        m1_0.parent_id,
        m1_0.permission_code,
        m1_0.route,
        m1_0.title,
        m1_0.updated_at,
        m1_0.version,
        m1_0.visible 
    from
        menus m1_0 
    where
        m1_0.title=? 
        and m1_0.parent_id=?
Hibernate: 
    select
        m1_0.id,
        m1_0.active,
        m1_0.created_at,
        m1_0.icon,
        m1_0.module,
        m1_0.order_no,
        m1_0.parent_id,
        m1_0.permission_code,
        m1_0.route,
        m1_0.title,
        m1_0.updated_at,
        m1_0.version,
        m1_0.visible 
    from
        menus m1_0 
    where
        m1_0.title=? 
        and m1_0.parent_id=?
Hibernate: 
    select
        m1_0.id,
        m1_0.active,
        m1_0.created_at,
        m1_0.icon,
        m1_0.module,
        m1_0.order_no,
        m1_0.parent_id,
        m1_0.permission_code,
        m1_0.route,
        m1_0.title,
        m1_0.updated_at,
        m1_0.version,
        m1_0.visible 
    from
        menus m1_0 
    where
        m1_0.title=? 
        and m1_0.parent_id=?
Hibernate: 
    select
        m1_0.id,
        m1_0.active,
        m1_0.created_at,
        m1_0.icon,
        m1_0.module,
        m1_0.order_no,
        m1_0.parent_id,
        m1_0.permission_code,
        m1_0.route,
        m1_0.title,
        m1_0.updated_at,
        m1_0.version,
        m1_0.visible 
    from
        menus m1_0 
    where
        m1_0.title=? 
        and m1_0.parent_id=?
Hibernate: 
    select
        m1_0.id,
        m1_0.active,
        m1_0.created_at,
        m1_0.icon,
        m1_0.module,
        m1_0.order_no,
        m1_0.parent_id,
        m1_0.permission_code,
        m1_0.route,
        m1_0.title,
        m1_0.updated_at,
        m1_0.version,
        m1_0.visible 
    from
        menus m1_0 
    where
        m1_0.title=? 
        and m1_0.parent_id=?
Hibernate: 
    select
        m1_0.id,
        m1_0.active,
        m1_0.created_at,
        m1_0.icon,
        m1_0.module,
        m1_0.order_no,
        m1_0.parent_id,
        m1_0.permission_code,
        m1_0.route,
        m1_0.title,
        m1_0.updated_at,
        m1_0.version,
        m1_0.visible 
    from
        menus m1_0 
    where
        m1_0.title=? 
        and m1_0.parent_id=?
Hibernate: 
    select
        m1_0.id,
        m1_0.active,
        m1_0.created_at,
        m1_0.icon,
        m1_0.module,
        m1_0.order_no,
        m1_0.parent_id,
        m1_0.permission_code,
        m1_0.route,
        m1_0.title,
        m1_0.updated_at,
        m1_0.version,
        m1_0.visible 
    from
        menus m1_0 
    where
        m1_0.title=? 
        and m1_0.parent_id=?
Hibernate: 
    select
        m1_0.id,
        m1_0.active,
        m1_0.created_at,
        m1_0.icon,
        m1_0.module,
        m1_0.order_no,
        m1_0.parent_id,
        m1_0.permission_code,
        m1_0.route,
        m1_0.title,
        m1_0.updated_at,
        m1_0.version,
        m1_0.visible 
    from
        menus m1_0 
    where
        m1_0.title=? 
        and m1_0.parent_id=?
Hibernate: 
    select
        m1_0.id,
        m1_0.active,
        m1_0.created_at,
        m1_0.icon,
        m1_0.module,
        m1_0.order_no,
        m1_0.parent_id,
        m1_0.permission_code,
        m1_0.route,
        m1_0.title,
        m1_0.updated_at,
        m1_0.version,
        m1_0.visible 
    from
        menus m1_0 
    where
        m1_0.title=? 
        and m1_0.parent_id=?
Hibernate: 
    select
        m1_0.id,
        m1_0.active,
        m1_0.created_at,
        m1_0.icon,
        m1_0.module,
        m1_0.order_no,
        m1_0.parent_id,
        m1_0.permission_code,
        m1_0.route,
        m1_0.title,
        m1_0.updated_at,
        m1_0.version,
        m1_0.visible 
    from
        menus m1_0 
    where
        m1_0.title=? 
        and m1_0.parent_id is null
Hibernate: 
    select
        c1_0.parent_id,
        c1_0.id,
        c1_0.active,
        c1_0.created_at,
        c1_0.icon,
        c1_0.module,
        c1_0.order_no,
        c1_0.permission_code,
        c1_0.route,
        c1_0.title,
        c1_0.updated_at,
        c1_0.version,
        c1_0.visible 
    from
        menus c1_0 
    where
        c1_0.parent_id=? 
    order by
        c1_0.order_no
Hibernate: 
    select
        c1_0.parent_id,
        c1_0.id,
        c1_0.active,
        c1_0.created_at,
        c1_0.icon,
        c1_0.module,
        c1_0.order_no,
        c1_0.permission_code,
        c1_0.route,
        c1_0.title,
        c1_0.updated_at,
        c1_0.version,
        c1_0.visible 
    from
        menus c1_0 
    where
        c1_0.parent_id=? 
    order by
        c1_0.order_no
Hibernate: 
    select
        c1_0.parent_id,
        c1_0.id,
        c1_0.active,
        c1_0.created_at,
        c1_0.icon,
        c1_0.module,
        c1_0.order_no,
        c1_0.permission_code,
        c1_0.route,
        c1_0.title,
        c1_0.updated_at,
        c1_0.version,
        c1_0.visible 
    from
        menus c1_0 
    where
        c1_0.parent_id=? 
    order by
        c1_0.order_no
Hibernate: 
    select
        c1_0.parent_id,
        c1_0.id,
        c1_0.active,
        c1_0.created_at,
        c1_0.icon,
        c1_0.module,
        c1_0.order_no,
        c1_0.permission_code,
        c1_0.route,
        c1_0.title,
        c1_0.updated_at,
        c1_0.version,
        c1_0.visible 
    from
        menus c1_0 
    where
        c1_0.parent_id=? 
    order by
        c1_0.order_no
Hibernate: 
    select
        c1_0.parent_id,
        c1_0.id,
        c1_0.active,
        c1_0.created_at,
        c1_0.icon,
        c1_0.module,
        c1_0.order_no,
        c1_0.permission_code,
        c1_0.route,
        c1_0.title,
        c1_0.updated_at,
        c1_0.version,
        c1_0.visible 
    from
        menus c1_0 
    where
        c1_0.parent_id=? 
    order by
        c1_0.order_no
Hibernate: 
    select
        c1_0.parent_id,
        c1_0.id,
        c1_0.active,
        c1_0.created_at,
        c1_0.icon,
        c1_0.module,
        c1_0.order_no,
        c1_0.permission_code,
        c1_0.route,
        c1_0.title,
        c1_0.updated_at,
        c1_0.version,
        c1_0.visible 
    from
        menus c1_0 
    where
        c1_0.parent_id=? 
    order by
        c1_0.order_no
Hibernate: 
    select
        c1_0.parent_id,
        c1_0.id,
        c1_0.active,
        c1_0.created_at,
        c1_0.icon,
        c1_0.module,
        c1_0.order_no,
        c1_0.permission_code,
        c1_0.route,
        c1_0.title,
        c1_0.updated_at,
        c1_0.version,
        c1_0.visible 
    from
        menus c1_0 
    where
        c1_0.parent_id=? 
    order by
        c1_0.order_no
Hibernate: 
    select
        c1_0.parent_id,
        c1_0.id,
        c1_0.active,
        c1_0.created_at,
        c1_0.icon,
        c1_0.module,
        c1_0.order_no,
        c1_0.permission_code,
        c1_0.route,
        c1_0.title,
        c1_0.updated_at,
        c1_0.version,
        c1_0.visible 
    from
        menus c1_0 
    where
        c1_0.parent_id=? 
    order by
        c1_0.order_no
Hibernate: 
    select
        c1_0.parent_id,
        c1_0.id,
        c1_0.active,
        c1_0.created_at,
        c1_0.icon,
        c1_0.module,
        c1_0.order_no,
        c1_0.permission_code,
        c1_0.route,
        c1_0.title,
        c1_0.updated_at,
        c1_0.version,
        c1_0.visible 
    from
        menus c1_0 
    where
        c1_0.parent_id=? 
    order by
        c1_0.order_no
Hibernate: 
    select
        c1_0.parent_id,
        c1_0.id,
        c1_0.active,
        c1_0.created_at,
        c1_0.icon,
        c1_0.module,
        c1_0.order_no,
        c1_0.permission_code,
        c1_0.route,
        c1_0.title,
        c1_0.updated_at,
        c1_0.version,
        c1_0.visible 
    from
        menus c1_0 
    where
        c1_0.parent_id=? 
    order by
        c1_0.order_no
Hibernate: 
    select
        c1_0.parent_id,
        c1_0.id,
        c1_0.active,
        c1_0.created_at,
        c1_0.icon,
        c1_0.module,
        c1_0.order_no,
        c1_0.permission_code,
        c1_0.route,
        c1_0.title,
        c1_0.updated_at,
        c1_0.version,
        c1_0.visible 
    from
        menus c1_0 
    where
        c1_0.parent_id=? 
    order by
        c1_0.order_no
Hibernate: 
    select
        c1_0.parent_id,
        c1_0.id,
        c1_0.active,
        c1_0.created_at,
        c1_0.icon,
        c1_0.module,
        c1_0.order_no,
        c1_0.permission_code,
        c1_0.route,
        c1_0.title,
        c1_0.updated_at,
        c1_0.version,
        c1_0.visible 
    from
        menus c1_0 
    where
        c1_0.parent_id=? 
    order by
        c1_0.order_no
Hibernate: 
    select
        c1_0.parent_id,
        c1_0.id,
        c1_0.active,
        c1_0.created_at,
        c1_0.icon,
        c1_0.module,
        c1_0.order_no,
        c1_0.permission_code,
        c1_0.route,
        c1_0.title,
        c1_0.updated_at,
        c1_0.version,
        c1_0.visible 
    from
        menus c1_0 
    where
        c1_0.parent_id=? 
    order by
        c1_0.order_no
Hibernate: 
    select
        c1_0.parent_id,
        c1_0.id,
        c1_0.active,
        c1_0.created_at,
        c1_0.icon,
        c1_0.module,
        c1_0.order_no,
        c1_0.permission_code,
        c1_0.route,
        c1_0.title,
        c1_0.updated_at,
        c1_0.version,
        c1_0.visible 
    from
        menus c1_0 
    where
        c1_0.parent_id=? 
    order by
        c1_0.order_no
Hibernate: 
    select
        c1_0.parent_id,
        c1_0.id,
        c1_0.active,
        c1_0.created_at,
        c1_0.icon,
        c1_0.module,
        c1_0.order_no,
        c1_0.permission_code,
        c1_0.route,
        c1_0.title,
        c1_0.updated_at,
        c1_0.version,
        c1_0.visible 
    from
        menus c1_0 
    where
        c1_0.parent_id=? 
    order by
        c1_0.order_no
Hibernate: 
    select
        c1_0.parent_id,
        c1_0.id,
        c1_0.active,
        c1_0.created_at,
        c1_0.icon,
        c1_0.module,
        c1_0.order_no,
        c1_0.permission_code,
        c1_0.route,
        c1_0.title,
        c1_0.updated_at,
        c1_0.version,
        c1_0.visible 
    from
        menus c1_0 
    where
        c1_0.parent_id=? 
    order by
        c1_0.order_no
Hibernate: 
    select
        c1_0.parent_id,
        c1_0.id,
        c1_0.active,
        c1_0.created_at,
        c1_0.icon,
        c1_0.module,
        c1_0.order_no,
        c1_0.permission_code,
        c1_0.route,
        c1_0.title,
        c1_0.updated_at,
        c1_0.version,
        c1_0.visible 
    from
        menus c1_0 
    where
        c1_0.parent_id=? 
    order by
        c1_0.order_no
Hibernate: 
    select
        c1_0.parent_id,
        c1_0.id,
        c1_0.active,
        c1_0.created_at,
        c1_0.icon,
        c1_0.module,
        c1_0.order_no,
        c1_0.permission_code,
        c1_0.route,
        c1_0.title,
        c1_0.updated_at,
        c1_0.version,
        c1_0.visible 
    from
        menus c1_0 
    where
        c1_0.parent_id=? 
    order by
        c1_0.order_no
Hibernate: 
    select
        c1_0.parent_id,
        c1_0.id,
        c1_0.active,
        c1_0.created_at,
        c1_0.icon,
        c1_0.module,
        c1_0.order_no,
        c1_0.permission_code,
        c1_0.route,
        c1_0.title,
        c1_0.updated_at,
        c1_0.version,
        c1_0.visible 
    from
        menus c1_0 
    where
        c1_0.parent_id=? 
    order by
        c1_0.order_no
Hibernate: 
    select
        c1_0.parent_id,
        c1_0.id,
        c1_0.active,
        c1_0.created_at,
        c1_0.icon,
        c1_0.module,
        c1_0.order_no,
        c1_0.permission_code,
        c1_0.route,
        c1_0.title,
        c1_0.updated_at,
        c1_0.version,
        c1_0.visible 
    from
        menus c1_0 
    where
        c1_0.parent_id=? 
    order by
        c1_0.order_no
Hibernate: 
    select
        c1_0.parent_id,
        c1_0.id,
        c1_0.active,
        c1_0.created_at,
        c1_0.icon,
        c1_0.module,
        c1_0.order_no,
        c1_0.permission_code,
        c1_0.route,
        c1_0.title,
        c1_0.updated_at,
        c1_0.version,
        c1_0.visible 
    from
        menus c1_0 
    where
        c1_0.parent_id=? 
    order by
        c1_0.order_no
Hibernate: 
    select
        c1_0.parent_id,
        c1_0.id,
        c1_0.active,
        c1_0.created_at,
        c1_0.icon,
        c1_0.module,
        c1_0.order_no,
        c1_0.permission_code,
        c1_0.route,
        c1_0.title,
        c1_0.updated_at,
        c1_0.version,
        c1_0.visible 
    from
        menus c1_0 
    where
        c1_0.parent_id=? 
    order by
        c1_0.order_no
Hibernate: 
    select
        m1_0.id,
        m1_0.active,
        m1_0.created_at,
        m1_0.icon,
        m1_0.module,
        m1_0.order_no,
        m1_0.parent_id,
        m1_0.permission_code,
        m1_0.route,
        m1_0.title,
        m1_0.updated_at,
        m1_0.version,
        m1_0.visible 
    from
        menus m1_0 
    where
        m1_0.title=? 
        and m1_0.parent_id=?
Hibernate: 
    select
        m1_0.id,
        m1_0.active,
        m1_0.created_at,
        m1_0.icon,
        m1_0.module,
        m1_0.order_no,
        m1_0.parent_id,
        m1_0.permission_code,
        m1_0.route,
        m1_0.title,
        m1_0.updated_at,
        m1_0.version,
        m1_0.visible 
    from
        menus m1_0 
    where
        m1_0.title=? 
        and m1_0.parent_id=?
Hibernate: 
    select
        m1_0.id,
        m1_0.active,
        m1_0.created_at,
        m1_0.icon,
        m1_0.module,
        m1_0.order_no,
        m1_0.parent_id,
        m1_0.permission_code,
        m1_0.route,
        m1_0.title,
        m1_0.updated_at,
        m1_0.version,
        m1_0.visible 
    from
        menus m1_0 
    where
        m1_0.title=? 
        and m1_0.parent_id=?
Hibernate: 
    select
        m1_0.id,
        m1_0.active,
        m1_0.created_at,
        m1_0.icon,
        m1_0.module,
        m1_0.order_no,
        m1_0.parent_id,
        m1_0.permission_code,
        m1_0.route,
        m1_0.title,
        m1_0.updated_at,
        m1_0.version,
        m1_0.visible 
    from
        menus m1_0 
    where
        m1_0.title=? 
        and m1_0.parent_id=?
Hibernate: 
    select
        m1_0.id,
        m1_0.active,
        m1_0.created_at,
        m1_0.icon,
        m1_0.module,
        m1_0.order_no,
        m1_0.parent_id,
        m1_0.permission_code,
        m1_0.route,
        m1_0.title,
        m1_0.updated_at,
        m1_0.version,
        m1_0.visible 
    from
        menus m1_0 
    where
        m1_0.title=? 
        and m1_0.parent_id=?
Hibernate: 
    select
        m1_0.id,
        m1_0.active,
        m1_0.created_at,
        m1_0.icon,
        m1_0.module,
        m1_0.order_no,
        m1_0.parent_id,
        m1_0.permission_code,
        m1_0.route,
        m1_0.title,
        m1_0.updated_at,
        m1_0.version,
        m1_0.visible 
    from
        menus m1_0 
    where
        m1_0.title=? 
        and m1_0.parent_id=?
Hibernate: 
    select
        m1_0.id,
        m1_0.active,
        m1_0.created_at,
        m1_0.icon,
        m1_0.module,
        m1_0.order_no,
        m1_0.parent_id,
        m1_0.permission_code,
        m1_0.route,
        m1_0.title,
        m1_0.updated_at,
        m1_0.version,
        m1_0.visible 
    from
        menus m1_0 
    where
        m1_0.title=? 
        and m1_0.parent_id=?
Hibernate: 
    select
        m1_0.id,
        m1_0.active,
        m1_0.created_at,
        m1_0.icon,
        m1_0.module,
        m1_0.order_no,
        m1_0.parent_id,
        m1_0.permission_code,
        m1_0.route,
        m1_0.title,
        m1_0.updated_at,
        m1_0.version,
        m1_0.visible 
    from
        menus m1_0 
    where
        m1_0.title=? 
        and m1_0.parent_id=?
Hibernate: 
    select
        m1_0.id,
        m1_0.active,
        m1_0.created_at,
        m1_0.icon,
        m1_0.module,
        m1_0.order_no,
        m1_0.parent_id,
        m1_0.permission_code,
        m1_0.route,
        m1_0.title,
        m1_0.updated_at,
        m1_0.version,
        m1_0.visible 
    from
        menus m1_0 
    where
        m1_0.title=? 
        and m1_0.parent_id=?
Hibernate: 
    select
        m1_0.id,
        m1_0.active,
        m1_0.created_at,
        m1_0.icon,
        m1_0.module,
        m1_0.order_no,
        m1_0.parent_id,
        m1_0.permission_code,
        m1_0.route,
        m1_0.title,
        m1_0.updated_at,
        m1_0.version,
        m1_0.visible 
    from
        menus m1_0 
    where
        m1_0.title=? 
        and m1_0.parent_id=?
Hibernate: 
    select
        m1_0.id,
        m1_0.active,
        m1_0.created_at,
        m1_0.icon,
        m1_0.module,
        m1_0.order_no,
        m1_0.parent_id,
        m1_0.permission_code,
        m1_0.route,
        m1_0.title,
        m1_0.updated_at,
        m1_0.version,
        m1_0.visible 
    from
        menus m1_0 
    where
        m1_0.title=? 
        and m1_0.parent_id=?
Hibernate: 
    select
        m1_0.id,
        m1_0.active,
        m1_0.created_at,
        m1_0.icon,
        m1_0.module,
        m1_0.order_no,
        m1_0.parent_id,
        m1_0.permission_code,
        m1_0.route,
        m1_0.title,
        m1_0.updated_at,
        m1_0.version,
        m1_0.visible 
    from
        menus m1_0 
    where
        m1_0.title=? 
        and m1_0.parent_id=?
Hibernate: 
    select
        m1_0.id,
        m1_0.active,
        m1_0.created_at,
        m1_0.icon,
        m1_0.module,
        m1_0.order_no,
        m1_0.parent_id,
        m1_0.permission_code,
        m1_0.route,
        m1_0.title,
        m1_0.updated_at,
        m1_0.version,
        m1_0.visible 
    from
        menus m1_0 
    where
        m1_0.title=? 
        and m1_0.parent_id=?
Hibernate: 
    select
        m1_0.id,
        m1_0.active,
        m1_0.created_at,
        m1_0.icon,
        m1_0.module,
        m1_0.order_no,
        m1_0.parent_id,
        m1_0.permission_code,
        m1_0.route,
        m1_0.title,
        m1_0.updated_at,
        m1_0.version,
        m1_0.visible 
    from
        menus m1_0 
    where
        m1_0.title=? 
        and m1_0.parent_id=?
Hibernate: 
    select
        m1_0.id,
        m1_0.active,
        m1_0.created_at,
        m1_0.icon,
        m1_0.module,
        m1_0.order_no,
        m1_0.parent_id,
        m1_0.permission_code,
        m1_0.route,
        m1_0.title,
        m1_0.updated_at,
        m1_0.version,
        m1_0.visible 
    from
        menus m1_0 
    where
        m1_0.title=? 
        and m1_0.parent_id=?
Hibernate: 
    select
        m1_0.id,
        m1_0.active,
        m1_0.created_at,
        m1_0.icon,
        m1_0.module,
        m1_0.order_no,
        m1_0.parent_id,
        m1_0.permission_code,
        m1_0.route,
        m1_0.title,
        m1_0.updated_at,
        m1_0.version,
        m1_0.visible 
    from
        menus m1_0 
    where
        m1_0.title=? 
        and m1_0.parent_id=?
Hibernate: 
    select
        m1_0.id,
        m1_0.active,
        m1_0.created_at,
        m1_0.icon,
        m1_0.module,
        m1_0.order_no,
        m1_0.parent_id,
        m1_0.permission_code,
        m1_0.route,
        m1_0.title,
        m1_0.updated_at,
        m1_0.version,
        m1_0.visible 
    from
        menus m1_0 
    where
        m1_0.title=? 
        and m1_0.parent_id=?
Hibernate: 
    select
        m1_0.id,
        m1_0.active,
        m1_0.created_at,
        m1_0.icon,
        m1_0.module,
        m1_0.order_no,
        m1_0.parent_id,
        m1_0.permission_code,
        m1_0.route,
        m1_0.title,
        m1_0.updated_at,
        m1_0.version,
        m1_0.visible 
    from
        menus m1_0 
    where
        m1_0.title=? 
        and m1_0.parent_id=?
Hibernate: 
    select
        m1_0.id,
        m1_0.active,
        m1_0.created_at,
        m1_0.icon,
        m1_0.module,
        m1_0.order_no,
        m1_0.parent_id,
        m1_0.permission_code,
        m1_0.route,
        m1_0.title,
        m1_0.updated_at,
        m1_0.version,
        m1_0.visible 
    from
        menus m1_0 
    where
        m1_0.title=? 
        and m1_0.parent_id=?
Hibernate: 
    select
        m1_0.id,
        m1_0.active,
        m1_0.created_at,
        m1_0.icon,
        m1_0.module,
        m1_0.order_no,
        m1_0.parent_id,
        m1_0.permission_code,
        m1_0.route,
        m1_0.title,
        m1_0.updated_at,
        m1_0.version,
        m1_0.visible 
    from
        menus m1_0 
    where
        m1_0.title=? 
        and m1_0.parent_id=?
Hibernate: 
    select
        m1_0.id,
        m1_0.active,
        m1_0.created_at,
        m1_0.icon,
        m1_0.module,
        m1_0.order_no,
        m1_0.parent_id,
        m1_0.permission_code,
        m1_0.route,
        m1_0.title,
        m1_0.updated_at,
        m1_0.version,
        m1_0.visible 
    from
        menus m1_0 
    where
        m1_0.title=? 
        and m1_0.parent_id is null
Hibernate: 
    select
        c1_0.parent_id,
        c1_0.id,
        c1_0.active,
        c1_0.created_at,
        c1_0.icon,
        c1_0.module,
        c1_0.order_no,
        c1_0.permission_code,
        c1_0.route,
        c1_0.title,
        c1_0.updated_at,
        c1_0.version,
        c1_0.visible 
    from
        menus c1_0 
    where
        c1_0.parent_id=? 
    order by
        c1_0.order_no
Hibernate: 
    select
        c1_0.parent_id,
        c1_0.id,
        c1_0.active,
        c1_0.created_at,
        c1_0.icon,
        c1_0.module,
        c1_0.order_no,
        c1_0.permission_code,
        c1_0.route,
        c1_0.title,
        c1_0.updated_at,
        c1_0.version,
        c1_0.visible 
    from
        menus c1_0 
    where
        c1_0.parent_id=? 
    order by
        c1_0.order_no
Hibernate: 
    select
        c1_0.parent_id,
        c1_0.id,
        c1_0.active,
        c1_0.created_at,
        c1_0.icon,
        c1_0.module,
        c1_0.order_no,
        c1_0.permission_code,
        c1_0.route,
        c1_0.title,
        c1_0.updated_at,
        c1_0.version,
        c1_0.visible 
    from
        menus c1_0 
    where
        c1_0.parent_id=? 
    order by
        c1_0.order_no
Hibernate: 
    select
        c1_0.parent_id,
        c1_0.id,
        c1_0.active,
        c1_0.created_at,
        c1_0.icon,
        c1_0.module,
        c1_0.order_no,
        c1_0.permission_code,
        c1_0.route,
        c1_0.title,
        c1_0.updated_at,
        c1_0.version,
        c1_0.visible 
    from
        menus c1_0 
    where
        c1_0.parent_id=? 
    order by
        c1_0.order_no
Hibernate: 
    select
        c1_0.parent_id,
        c1_0.id,
        c1_0.active,
        c1_0.created_at,
        c1_0.icon,
        c1_0.module,
        c1_0.order_no,
        c1_0.permission_code,
        c1_0.route,
        c1_0.title,
        c1_0.updated_at,
        c1_0.version,
        c1_0.visible 
    from
        menus c1_0 
    where
        c1_0.parent_id=? 
    order by
        c1_0.order_no
Hibernate: 
    select
        c1_0.parent_id,
        c1_0.id,
        c1_0.active,
        c1_0.created_at,
        c1_0.icon,
        c1_0.module,
        c1_0.order_no,
        c1_0.permission_code,
        c1_0.route,
        c1_0.title,
        c1_0.updated_at,
        c1_0.version,
        c1_0.visible 
    from
        menus c1_0 
    where
        c1_0.parent_id=? 
    order by
        c1_0.order_no
Hibernate: 
    select
        c1_0.parent_id,
        c1_0.id,
        c1_0.active,
        c1_0.created_at,
        c1_0.icon,
        c1_0.module,
        c1_0.order_no,
        c1_0.permission_code,
        c1_0.route,
        c1_0.title,
        c1_0.updated_at,
        c1_0.version,
        c1_0.visible 
    from
        menus c1_0 
    where
        c1_0.parent_id=? 
    order by
        c1_0.order_no
Hibernate: 
    select
        c1_0.parent_id,
        c1_0.id,
        c1_0.active,
        c1_0.created_at,
        c1_0.icon,
        c1_0.module,
        c1_0.order_no,
        c1_0.permission_code,
        c1_0.route,
        c1_0.title,
        c1_0.updated_at,
        c1_0.version,
        c1_0.visible 
    from
        menus c1_0 
    where
        c1_0.parent_id=? 
    order by
        c1_0.order_no
Hibernate: 
    select
        c1_0.parent_id,
        c1_0.id,
        c1_0.active,
        c1_0.created_at,
        c1_0.icon,
        c1_0.module,
        c1_0.order_no,
        c1_0.permission_code,
        c1_0.route,
        c1_0.title,
        c1_0.updated_at,
        c1_0.version,
        c1_0.visible 
    from
        menus c1_0 
    where
        c1_0.parent_id=? 
    order by
        c1_0.order_no
Hibernate: 
    select
        c1_0.parent_id,
        c1_0.id,
        c1_0.active,
        c1_0.created_at,
        c1_0.icon,
        c1_0.module,
        c1_0.order_no,
        c1_0.permission_code,
        c1_0.route,
        c1_0.title,
        c1_0.updated_at,
        c1_0.version,
        c1_0.visible 
    from
        menus c1_0 
    where
        c1_0.parent_id=? 
    order by
        c1_0.order_no
Hibernate: 
    select
        c1_0.parent_id,
        c1_0.id,
        c1_0.active,
        c1_0.created_at,
        c1_0.icon,
        c1_0.module,
        c1_0.order_no,
        c1_0.permission_code,
        c1_0.route,
        c1_0.title,
        c1_0.updated_at,
        c1_0.version,
        c1_0.visible 
    from
        menus c1_0 
    where
        c1_0.parent_id=? 
    order by
        c1_0.order_no
Hibernate: 
    select
        c1_0.parent_id,
        c1_0.id,
        c1_0.active,
        c1_0.created_at,
        c1_0.icon,
        c1_0.module,
        c1_0.order_no,
        c1_0.permission_code,
        c1_0.route,
        c1_0.title,
        c1_0.updated_at,
        c1_0.version,
        c1_0.visible 
    from
        menus c1_0 
    where
        c1_0.parent_id=? 
    order by
        c1_0.order_no
Hibernate: 
    select
        c1_0.parent_id,
        c1_0.id,
        c1_0.active,
        c1_0.created_at,
        c1_0.icon,
        c1_0.module,
        c1_0.order_no,
        c1_0.permission_code,
        c1_0.route,
        c1_0.title,
        c1_0.updated_at,
        c1_0.version,
        c1_0.visible 
    from
        menus c1_0 
    where
        c1_0.parent_id=? 
    order by
        c1_0.order_no
Hibernate: 
    select
        c1_0.parent_id,
        c1_0.id,
        c1_0.active,
        c1_0.created_at,
        c1_0.icon,
        c1_0.module,
        c1_0.order_no,
        c1_0.permission_code,
        c1_0.route,
        c1_0.title,
        c1_0.updated_at,
        c1_0.version,
        c1_0.visible 
    from
        menus c1_0 
    where
        c1_0.parent_id=? 
    order by
        c1_0.order_no
Hibernate: 
    select
        c1_0.parent_id,
        c1_0.id,
        c1_0.active,
        c1_0.created_at,
        c1_0.icon,
        c1_0.module,
        c1_0.order_no,
        c1_0.permission_code,
        c1_0.route,
        c1_0.title,
        c1_0.updated_at,
        c1_0.version,
        c1_0.visible 
    from
        menus c1_0 
    where
        c1_0.parent_id=? 
    order by
        c1_0.order_no
Hibernate: 
    select
        c1_0.parent_id,
        c1_0.id,
        c1_0.active,
        c1_0.created_at,
        c1_0.icon,
        c1_0.module,
        c1_0.order_no,
        c1_0.permission_code,
        c1_0.route,
        c1_0.title,
        c1_0.updated_at,
        c1_0.version,
        c1_0.visible 
    from
        menus c1_0 
    where
        c1_0.parent_id=? 
    order by
        c1_0.order_no
Hibernate: 
    select
        c1_0.parent_id,
        c1_0.id,
        c1_0.active,
        c1_0.created_at,
        c1_0.icon,
        c1_0.module,
        c1_0.order_no,
        c1_0.permission_code,
        c1_0.route,
        c1_0.title,
        c1_0.updated_at,
        c1_0.version,
        c1_0.visible 
    from
        menus c1_0 
    where
        c1_0.parent_id=? 
    order by
        c1_0.order_no
Hibernate: 
    select
        c1_0.parent_id,
        c1_0.id,
        c1_0.active,
        c1_0.created_at,
        c1_0.icon,
        c1_0.module,
        c1_0.order_no,
        c1_0.permission_code,
        c1_0.route,
        c1_0.title,
        c1_0.updated_at,
        c1_0.version,
        c1_0.visible 
    from
        menus c1_0 
    where
        c1_0.parent_id=? 
    order by
        c1_0.order_no
Hibernate: 
    select
        c1_0.parent_id,
        c1_0.id,
        c1_0.active,
        c1_0.created_at,
        c1_0.icon,
        c1_0.module,
        c1_0.order_no,
        c1_0.permission_code,
        c1_0.route,
        c1_0.title,
        c1_0.updated_at,
        c1_0.version,
        c1_0.visible 
    from
        menus c1_0 
    where
        c1_0.parent_id=? 
    order by
        c1_0.order_no
Hibernate: 
    select
        c1_0.parent_id,
        c1_0.id,
        c1_0.active,
        c1_0.created_at,
        c1_0.icon,
        c1_0.module,
        c1_0.order_no,
        c1_0.permission_code,
        c1_0.route,
        c1_0.title,
        c1_0.updated_at,
        c1_0.version,
        c1_0.visible 
    from
        menus c1_0 
    where
        c1_0.parent_id=? 
    order by
        c1_0.order_no
Hibernate: 
    select
        c1_0.parent_id,
        c1_0.id,
        c1_0.active,
        c1_0.created_at,
        c1_0.icon,
        c1_0.module,
        c1_0.order_no,
        c1_0.permission_code,
        c1_0.route,
        c1_0.title,
        c1_0.updated_at,
        c1_0.version,
        c1_0.visible 
    from
        menus c1_0 
    where
        c1_0.parent_id=? 
    order by
        c1_0.order_no
Hibernate: 
    select
        m1_0.id,
        m1_0.active,
        m1_0.created_at,
        m1_0.icon,
        m1_0.module,
        m1_0.order_no,
        m1_0.parent_id,
        m1_0.permission_code,
        m1_0.route,
        m1_0.title,
        m1_0.updated_at,
        m1_0.version,
        m1_0.visible 
    from
        menus m1_0 
    where
        m1_0.title=? 
        and m1_0.parent_id=?
Hibernate: 
    select
        m1_0.id,
        m1_0.active,
        m1_0.created_at,
        m1_0.icon,
        m1_0.module,
        m1_0.order_no,
        m1_0.parent_id,
        m1_0.permission_code,
        m1_0.route,
        m1_0.title,
        m1_0.updated_at,
        m1_0.version,
        m1_0.visible 
    from
        menus m1_0 
    where
        m1_0.title=? 
        and m1_0.parent_id=?
Hibernate: 
    select
        m1_0.id,
        m1_0.active,
        m1_0.created_at,
        m1_0.icon,
        m1_0.module,
        m1_0.order_no,
        m1_0.parent_id,
        m1_0.permission_code,
        m1_0.route,
        m1_0.title,
        m1_0.updated_at,
        m1_0.version,
        m1_0.visible 
    from
        menus m1_0 
    where
        m1_0.title=? 
        and m1_0.parent_id=?
Hibernate: 
    select
        m1_0.id,
        m1_0.active,
        m1_0.created_at,
        m1_0.icon,
        m1_0.module,
        m1_0.order_no,
        m1_0.parent_id,
        m1_0.permission_code,
        m1_0.route,
        m1_0.title,
        m1_0.updated_at,
        m1_0.version,
        m1_0.visible 
    from
        menus m1_0 
    where
        m1_0.title=? 
        and m1_0.parent_id=?
Hibernate: 
    select
        m1_0.id,
        m1_0.active,
        m1_0.created_at,
        m1_0.icon,
        m1_0.module,
        m1_0.order_no,
        m1_0.parent_id,
        m1_0.permission_code,
        m1_0.route,
        m1_0.title,
        m1_0.updated_at,
        m1_0.version,
        m1_0.visible 
    from
        menus m1_0 
    where
        m1_0.title=? 
        and m1_0.parent_id=?
Hibernate: 
    select
        m1_0.id,
        m1_0.active,
        m1_0.created_at,
        m1_0.icon,
        m1_0.module,
        m1_0.order_no,
        m1_0.parent_id,
        m1_0.permission_code,
        m1_0.route,
        m1_0.title,
        m1_0.updated_at,
        m1_0.version,
        m1_0.visible 
    from
        menus m1_0 
    where
        m1_0.title=? 
        and m1_0.parent_id=?
Hibernate: 
    select
        m1_0.id,
        m1_0.active,
        m1_0.created_at,
        m1_0.icon,
        m1_0.module,
        m1_0.order_no,
        m1_0.parent_id,
        m1_0.permission_code,
        m1_0.route,
        m1_0.title,
        m1_0.updated_at,
        m1_0.version,
        m1_0.visible 
    from
        menus m1_0 
    where
        m1_0.title=? 
        and m1_0.parent_id=?
Hibernate: 
    select
        m1_0.id,
        m1_0.active,
        m1_0.created_at,
        m1_0.icon,
        m1_0.module,
        m1_0.order_no,
        m1_0.parent_id,
        m1_0.permission_code,
        m1_0.route,
        m1_0.title,
        m1_0.updated_at,
        m1_0.version,
        m1_0.visible 
    from
        menus m1_0 
    where
        m1_0.title=? 
        and m1_0.parent_id=?
Hibernate: 
    select
        m1_0.id,
        m1_0.active,
        m1_0.created_at,
        m1_0.icon,
        m1_0.module,
        m1_0.order_no,
        m1_0.parent_id,
        m1_0.permission_code,
        m1_0.route,
        m1_0.title,
        m1_0.updated_at,
        m1_0.version,
        m1_0.visible 
    from
        menus m1_0 
    where
        m1_0.title=? 
        and m1_0.parent_id=?
Hibernate: 
    select
        m1_0.id,
        m1_0.active,
        m1_0.created_at,
        m1_0.icon,
        m1_0.module,
        m1_0.order_no,
        m1_0.parent_id,
        m1_0.permission_code,
        m1_0.route,
        m1_0.title,
        m1_0.updated_at,
        m1_0.version,
        m1_0.visible 
    from
        menus m1_0 
    where
        m1_0.title=? 
        and m1_0.parent_id=?
Hibernate: 
    select
        m1_0.id,
        m1_0.active,
        m1_0.created_at,
        m1_0.icon,
        m1_0.module,
        m1_0.order_no,
        m1_0.parent_id,
        m1_0.permission_code,
        m1_0.route,
        m1_0.title,
        m1_0.updated_at,
        m1_0.version,
        m1_0.visible 
    from
        menus m1_0 
    where
        m1_0.title=? 
        and m1_0.parent_id=?
Hibernate: 
    select
        m1_0.id,
        m1_0.active,
        m1_0.created_at,
        m1_0.icon,
        m1_0.module,
        m1_0.order_no,
        m1_0.parent_id,
        m1_0.permission_code,
        m1_0.route,
        m1_0.title,
        m1_0.updated_at,
        m1_0.version,
        m1_0.visible 
    from
        menus m1_0 
    where
        m1_0.title=? 
        and m1_0.parent_id=?
Hibernate: 
    select
        m1_0.id,
        m1_0.active,
        m1_0.created_at,
        m1_0.icon,
        m1_0.module,
        m1_0.order_no,
        m1_0.parent_id,
        m1_0.permission_code,
        m1_0.route,
        m1_0.title,
        m1_0.updated_at,
        m1_0.version,
        m1_0.visible 
    from
        menus m1_0 
    where
        m1_0.title=? 
        and m1_0.parent_id=?
Hibernate: 
    select
        m1_0.id,
        m1_0.active,
        m1_0.created_at,
        m1_0.icon,
        m1_0.module,
        m1_0.order_no,
        m1_0.parent_id,
        m1_0.permission_code,
        m1_0.route,
        m1_0.title,
        m1_0.updated_at,
        m1_0.version,
        m1_0.visible 
    from
        menus m1_0 
    where
        m1_0.title=? 
        and m1_0.parent_id=?
Hibernate: 
    select
        m1_0.id,
        m1_0.active,
        m1_0.created_at,
        m1_0.icon,
        m1_0.module,
        m1_0.order_no,
        m1_0.parent_id,
        m1_0.permission_code,
        m1_0.route,
        m1_0.title,
        m1_0.updated_at,
        m1_0.version,
        m1_0.visible 
    from
        menus m1_0 
    where
        m1_0.title=? 
        and m1_0.parent_id=?
Hibernate: 
    select
        m1_0.id,
        m1_0.active,
        m1_0.created_at,
        m1_0.icon,
        m1_0.module,
        m1_0.order_no,
        m1_0.parent_id,
        m1_0.permission_code,
        m1_0.route,
        m1_0.title,
        m1_0.updated_at,
        m1_0.version,
        m1_0.visible 
    from
        menus m1_0 
    where
        m1_0.title=? 
        and m1_0.parent_id=?
Hibernate: 
    select
        m1_0.id,
        m1_0.active,
        m1_0.created_at,
        m1_0.icon,
        m1_0.module,
        m1_0.order_no,
        m1_0.parent_id,
        m1_0.permission_code,
        m1_0.route,
        m1_0.title,
        m1_0.updated_at,
        m1_0.version,
        m1_0.visible 
    from
        menus m1_0 
    where
        m1_0.title=? 
        and m1_0.parent_id=?
Hibernate: 
    select
        m1_0.id,
        m1_0.active,
        m1_0.created_at,
        m1_0.icon,
        m1_0.module,
        m1_0.order_no,
        m1_0.parent_id,
        m1_0.permission_code,
        m1_0.route,
        m1_0.title,
        m1_0.updated_at,
        m1_0.version,
        m1_0.visible 
    from
        menus m1_0 
    where
        m1_0.title=? 
        and m1_0.parent_id=?
Hibernate: 
    select
        m1_0.id,
        m1_0.active,
        m1_0.created_at,
        m1_0.icon,
        m1_0.module,
        m1_0.order_no,
        m1_0.parent_id,
        m1_0.permission_code,
        m1_0.route,
        m1_0.title,
        m1_0.updated_at,
        m1_0.version,
        m1_0.visible 
    from
        menus m1_0 
    where
        m1_0.title=? 
        and m1_0.parent_id=?
Hibernate: 
    select
        m1_0.id,
        m1_0.active,
        m1_0.created_at,
        m1_0.icon,
        m1_0.module,
        m1_0.order_no,
        m1_0.parent_id,
        m1_0.permission_code,
        m1_0.route,
        m1_0.title,
        m1_0.updated_at,
        m1_0.version,
        m1_0.visible 
    from
        menus m1_0 
    where
        m1_0.title=? 
        and m1_0.parent_id=?
Hibernate: 
    select
        m1_0.id,
        m1_0.active,
        m1_0.created_at,
        m1_0.icon,
        m1_0.module,
        m1_0.order_no,
        m1_0.parent_id,
        m1_0.permission_code,
        m1_0.route,
        m1_0.title,
        m1_0.updated_at,
        m1_0.version,
        m1_0.visible 
    from
        menus m1_0 
    where
        m1_0.title=? 
        and m1_0.parent_id is null
Hibernate: 
    select
        c1_0.parent_id,
        c1_0.id,
        c1_0.active,
        c1_0.created_at,
        c1_0.icon,
        c1_0.module,
        c1_0.order_no,
        c1_0.permission_code,
        c1_0.route,
        c1_0.title,
        c1_0.updated_at,
        c1_0.version,
        c1_0.visible 
    from
        menus c1_0 
    where
        c1_0.parent_id=? 
    order by
        c1_0.order_no
Hibernate: 
    select
        c1_0.parent_id,
        c1_0.id,
        c1_0.active,
        c1_0.created_at,
        c1_0.icon,
        c1_0.module,
        c1_0.order_no,
        c1_0.permission_code,
        c1_0.route,
        c1_0.title,
        c1_0.updated_at,
        c1_0.version,
        c1_0.visible 
    from
        menus c1_0 
    where
        c1_0.parent_id=? 
    order by
        c1_0.order_no
Hibernate: 
    select
        c1_0.parent_id,
        c1_0.id,
        c1_0.active,
        c1_0.created_at,
        c1_0.icon,
        c1_0.module,
        c1_0.order_no,
        c1_0.permission_code,
        c1_0.route,
        c1_0.title,
        c1_0.updated_at,
        c1_0.version,
        c1_0.visible 
    from
        menus c1_0 
    where
        c1_0.parent_id=? 
    order by
        c1_0.order_no
Hibernate: 
    select
        c1_0.parent_id,
        c1_0.id,
        c1_0.active,
        c1_0.created_at,
        c1_0.icon,
        c1_0.module,
        c1_0.order_no,
        c1_0.permission_code,
        c1_0.route,
        c1_0.title,
        c1_0.updated_at,
        c1_0.version,
        c1_0.visible 
    from
        menus c1_0 
    where
        c1_0.parent_id=? 
    order by
        c1_0.order_no
Hibernate: 
    select
        c1_0.parent_id,
        c1_0.id,
        c1_0.active,
        c1_0.created_at,
        c1_0.icon,
        c1_0.module,
        c1_0.order_no,
        c1_0.permission_code,
        c1_0.route,
        c1_0.title,
        c1_0.updated_at,
        c1_0.version,
        c1_0.visible 
    from
        menus c1_0 
    where
        c1_0.parent_id=? 
    order by
        c1_0.order_no
Hibernate: 
    select
        c1_0.parent_id,
        c1_0.id,
        c1_0.active,
        c1_0.created_at,
        c1_0.icon,
        c1_0.module,
        c1_0.order_no,
        c1_0.permission_code,
        c1_0.route,
        c1_0.title,
        c1_0.updated_at,
        c1_0.version,
        c1_0.visible 
    from
        menus c1_0 
    where
        c1_0.parent_id=? 
    order by
        c1_0.order_no
Hibernate: 
    select
        c1_0.parent_id,
        c1_0.id,
        c1_0.active,
        c1_0.created_at,
        c1_0.icon,
        c1_0.module,
        c1_0.order_no,
        c1_0.permission_code,
        c1_0.route,
        c1_0.title,
        c1_0.updated_at,
        c1_0.version,
        c1_0.visible 
    from
        menus c1_0 
    where
        c1_0.parent_id=? 
    order by
        c1_0.order_no
Hibernate: 
    select
        c1_0.parent_id,
        c1_0.id,
        c1_0.active,
        c1_0.created_at,
        c1_0.icon,
        c1_0.module,
        c1_0.order_no,
        c1_0.permission_code,
        c1_0.route,
        c1_0.title,
        c1_0.updated_at,
        c1_0.version,
        c1_0.visible 
    from
        menus c1_0 
    where
        c1_0.parent_id=? 
    order by
        c1_0.order_no
Hibernate: 
    select
        c1_0.parent_id,
        c1_0.id,
        c1_0.active,
        c1_0.created_at,
        c1_0.icon,
        c1_0.module,
        c1_0.order_no,
        c1_0.permission_code,
        c1_0.route,
        c1_0.title,
        c1_0.updated_at,
        c1_0.version,
        c1_0.visible 
    from
        menus c1_0 
    where
        c1_0.parent_id=? 
    order by
        c1_0.order_no
Hibernate: 
    select
        c1_0.parent_id,
        c1_0.id,
        c1_0.active,
        c1_0.created_at,
        c1_0.icon,
        c1_0.module,
        c1_0.order_no,
        c1_0.permission_code,
        c1_0.route,
        c1_0.title,
        c1_0.updated_at,
        c1_0.version,
        c1_0.visible 
    from
        menus c1_0 
    where
        c1_0.parent_id=? 
    order by
        c1_0.order_no
Hibernate: 
    select
        c1_0.parent_id,
        c1_0.id,
        c1_0.active,
        c1_0.created_at,
        c1_0.icon,
        c1_0.module,
        c1_0.order_no,
        c1_0.permission_code,
        c1_0.route,
        c1_0.title,
        c1_0.updated_at,
        c1_0.version,
        c1_0.visible 
    from
        menus c1_0 
    where
        c1_0.parent_id=? 
    order by
        c1_0.order_no
Hibernate: 
    select
        c1_0.parent_id,
        c1_0.id,
        c1_0.active,
        c1_0.created_at,
        c1_0.icon,
        c1_0.module,
        c1_0.order_no,
        c1_0.permission_code,
        c1_0.route,
        c1_0.title,
        c1_0.updated_at,
        c1_0.version,
        c1_0.visible 
    from
        menus c1_0 
    where
        c1_0.parent_id=? 
    order by
        c1_0.order_no
Hibernate: 
    select
        c1_0.parent_id,
        c1_0.id,
        c1_0.active,
        c1_0.created_at,
        c1_0.icon,
        c1_0.module,
        c1_0.order_no,
        c1_0.permission_code,
        c1_0.route,
        c1_0.title,
        c1_0.updated_at,
        c1_0.version,
        c1_0.visible 
    from
        menus c1_0 
    where
        c1_0.parent_id=? 
    order by
        c1_0.order_no
Hibernate: 
    select
        c1_0.parent_id,
        c1_0.id,
        c1_0.active,
        c1_0.created_at,
        c1_0.icon,
        c1_0.module,
        c1_0.order_no,
        c1_0.permission_code,
        c1_0.route,
        c1_0.title,
        c1_0.updated_at,
        c1_0.version,
        c1_0.visible 
    from
        menus c1_0 
    where
        c1_0.parent_id=? 
    order by
        c1_0.order_no
Hibernate: 
    select
        c1_0.parent_id,
        c1_0.id,
        c1_0.active,
        c1_0.created_at,
        c1_0.icon,
        c1_0.module,
        c1_0.order_no,
        c1_0.permission_code,
        c1_0.route,
        c1_0.title,
        c1_0.updated_at,
        c1_0.version,
        c1_0.visible 
    from
        menus c1_0 
    where
        c1_0.parent_id=? 
    order by
        c1_0.order_no
Hibernate: 
    select
        c1_0.parent_id,
        c1_0.id,
        c1_0.active,
        c1_0.created_at,
        c1_0.icon,
        c1_0.module,
        c1_0.order_no,
        c1_0.permission_code,
        c1_0.route,
        c1_0.title,
        c1_0.updated_at,
        c1_0.version,
        c1_0.visible 
    from
        menus c1_0 
    where
        c1_0.parent_id=? 
    order by
        c1_0.order_no
Hibernate: 
    select
        c1_0.parent_id,
        c1_0.id,
        c1_0.active,
        c1_0.created_at,
        c1_0.icon,
        c1_0.module,
        c1_0.order_no,
        c1_0.permission_code,
        c1_0.route,
        c1_0.title,
        c1_0.updated_at,
        c1_0.version,
        c1_0.visible 
    from
        menus c1_0 
    where
        c1_0.parent_id=? 
    order by
        c1_0.order_no
Hibernate: 
    select
        c1_0.parent_id,
        c1_0.id,
        c1_0.active,
        c1_0.created_at,
        c1_0.icon,
        c1_0.module,
        c1_0.order_no,
        c1_0.permission_code,
        c1_0.route,
        c1_0.title,
        c1_0.updated_at,
        c1_0.version,
        c1_0.visible 
    from
        menus c1_0 
    where
        c1_0.parent_id=? 
    order by
        c1_0.order_no
Hibernate: 
    select
        m1_0.id,
        m1_0.active,
        m1_0.created_at,
        m1_0.icon,
        m1_0.module,
        m1_0.order_no,
        m1_0.parent_id,
        m1_0.permission_code,
        m1_0.route,
        m1_0.title,
        m1_0.updated_at,
        m1_0.version,
        m1_0.visible 
    from
        menus m1_0 
    where
        m1_0.title=? 
        and m1_0.parent_id=?
Hibernate: 
    select
        m1_0.id,
        m1_0.active,
        m1_0.created_at,
        m1_0.icon,
        m1_0.module,
        m1_0.order_no,
        m1_0.parent_id,
        m1_0.permission_code,
        m1_0.route,
        m1_0.title,
        m1_0.updated_at,
        m1_0.version,
        m1_0.visible 
    from
        menus m1_0 
    where
        m1_0.title=? 
        and m1_0.parent_id=?
Hibernate: 
    select
        m1_0.id,
        m1_0.active,
        m1_0.created_at,
        m1_0.icon,
        m1_0.module,
        m1_0.order_no,
        m1_0.parent_id,
        m1_0.permission_code,
        m1_0.route,
        m1_0.title,
        m1_0.updated_at,
        m1_0.version,
        m1_0.visible 
    from
        menus m1_0 
    where
        m1_0.title=? 
        and m1_0.parent_id=?
Hibernate: 
    select
        m1_0.id,
        m1_0.active,
        m1_0.created_at,
        m1_0.icon,
        m1_0.module,
        m1_0.order_no,
        m1_0.parent_id,
        m1_0.permission_code,
        m1_0.route,
        m1_0.title,
        m1_0.updated_at,
        m1_0.version,
        m1_0.visible 
    from
        menus m1_0 
    where
        m1_0.title=? 
        and m1_0.parent_id=?
Hibernate: 
    select
        m1_0.id,
        m1_0.active,
        m1_0.created_at,
        m1_0.icon,
        m1_0.module,
        m1_0.order_no,
        m1_0.parent_id,
        m1_0.permission_code,
        m1_0.route,
        m1_0.title,
        m1_0.updated_at,
        m1_0.version,
        m1_0.visible 
    from
        menus m1_0 
    where
        m1_0.title=? 
        and m1_0.parent_id=?
Hibernate: 
    select
        m1_0.id,
        m1_0.active,
        m1_0.created_at,
        m1_0.icon,
        m1_0.module,
        m1_0.order_no,
        m1_0.parent_id,
        m1_0.permission_code,
        m1_0.route,
        m1_0.title,
        m1_0.updated_at,
        m1_0.version,
        m1_0.visible 
    from
        menus m1_0 
    where
        m1_0.title=? 
        and m1_0.parent_id=?
Hibernate: 
    select
        m1_0.id,
        m1_0.active,
        m1_0.created_at,
        m1_0.icon,
        m1_0.module,
        m1_0.order_no,
        m1_0.parent_id,
        m1_0.permission_code,
        m1_0.route,
        m1_0.title,
        m1_0.updated_at,
        m1_0.version,
        m1_0.visible 
    from
        menus m1_0 
    where
        m1_0.title=? 
        and m1_0.parent_id=?
Hibernate: 
    select
        m1_0.id,
        m1_0.active,
        m1_0.created_at,
        m1_0.icon,
        m1_0.module,
        m1_0.order_no,
        m1_0.parent_id,
        m1_0.permission_code,
        m1_0.route,
        m1_0.title,
        m1_0.updated_at,
        m1_0.version,
        m1_0.visible 
    from
        menus m1_0 
    where
        m1_0.title=? 
        and m1_0.parent_id=?
Hibernate: 
    select
        m1_0.id,
        m1_0.active,
        m1_0.created_at,
        m1_0.icon,
        m1_0.module,
        m1_0.order_no,
        m1_0.parent_id,
        m1_0.permission_code,
        m1_0.route,
        m1_0.title,
        m1_0.updated_at,
        m1_0.version,
        m1_0.visible 
    from
        menus m1_0 
    where
        m1_0.title=? 
        and m1_0.parent_id=?
Hibernate: 
    select
        m1_0.id,
        m1_0.active,
        m1_0.created_at,
        m1_0.icon,
        m1_0.module,
        m1_0.order_no,
        m1_0.parent_id,
        m1_0.permission_code,
        m1_0.route,
        m1_0.title,
        m1_0.updated_at,
        m1_0.version,
        m1_0.visible 
    from
        menus m1_0 
    where
        m1_0.title=? 
        and m1_0.parent_id=?
Hibernate: 
    select
        m1_0.id,
        m1_0.active,
        m1_0.created_at,
        m1_0.icon,
        m1_0.module,
        m1_0.order_no,
        m1_0.parent_id,
        m1_0.permission_code,
        m1_0.route,
        m1_0.title,
        m1_0.updated_at,
        m1_0.version,
        m1_0.visible 
    from
        menus m1_0 
    where
        m1_0.title=? 
        and m1_0.parent_id=?
Hibernate: 
    select
        m1_0.id,
        m1_0.active,
        m1_0.created_at,
        m1_0.icon,
        m1_0.module,
        m1_0.order_no,
        m1_0.parent_id,
        m1_0.permission_code,
        m1_0.route,
        m1_0.title,
        m1_0.updated_at,
        m1_0.version,
        m1_0.visible 
    from
        menus m1_0 
    where
        m1_0.title=? 
        and m1_0.parent_id=?
Hibernate: 
    select
        m1_0.id,
        m1_0.active,
        m1_0.created_at,
        m1_0.icon,
        m1_0.module,
        m1_0.order_no,
        m1_0.parent_id,
        m1_0.permission_code,
        m1_0.route,
        m1_0.title,
        m1_0.updated_at,
        m1_0.version,
        m1_0.visible 
    from
        menus m1_0 
    where
        m1_0.title=? 
        and m1_0.parent_id=?
Hibernate: 
    select
        m1_0.id,
        m1_0.active,
        m1_0.created_at,
        m1_0.icon,
        m1_0.module,
        m1_0.order_no,
        m1_0.parent_id,
        m1_0.permission_code,
        m1_0.route,
        m1_0.title,
        m1_0.updated_at,
        m1_0.version,
        m1_0.visible 
    from
        menus m1_0 
    where
        m1_0.title=? 
        and m1_0.parent_id=?
Hibernate: 
    select
        m1_0.id,
        m1_0.active,
        m1_0.created_at,
        m1_0.icon,
        m1_0.module,
        m1_0.order_no,
        m1_0.parent_id,
        m1_0.permission_code,
        m1_0.route,
        m1_0.title,
        m1_0.updated_at,
        m1_0.version,
        m1_0.visible 
    from
        menus m1_0 
    where
        m1_0.title=? 
        and m1_0.parent_id=?
Hibernate: 
    select
        m1_0.id,
        m1_0.active,
        m1_0.created_at,
        m1_0.icon,
        m1_0.module,
        m1_0.order_no,
        m1_0.parent_id,
        m1_0.permission_code,
        m1_0.route,
        m1_0.title,
        m1_0.updated_at,
        m1_0.version,
        m1_0.visible 
    from
        menus m1_0 
    where
        m1_0.title=? 
        and m1_0.parent_id=?
Hibernate: 
    select
        m1_0.id,
        m1_0.active,
        m1_0.created_at,
        m1_0.icon,
        m1_0.module,
        m1_0.order_no,
        m1_0.parent_id,
        m1_0.permission_code,
        m1_0.route,
        m1_0.title,
        m1_0.updated_at,
        m1_0.version,
        m1_0.visible 
    from
        menus m1_0 
    where
        m1_0.title=? 
        and m1_0.parent_id=?
Hibernate: 
    select
        m1_0.id,
        m1_0.active,
        m1_0.created_at,
        m1_0.icon,
        m1_0.module,
        m1_0.order_no,
        m1_0.parent_id,
        m1_0.permission_code,
        m1_0.route,
        m1_0.title,
        m1_0.updated_at,
        m1_0.version,
        m1_0.visible 
    from
        menus m1_0 
    where
        m1_0.title=? 
        and m1_0.parent_id is null
Hibernate: 
    select
        c1_0.parent_id,
        c1_0.id,
        c1_0.active,
        c1_0.created_at,
        c1_0.icon,
        c1_0.module,
        c1_0.order_no,
        c1_0.permission_code,
        c1_0.route,
        c1_0.title,
        c1_0.updated_at,
        c1_0.version,
        c1_0.visible 
    from
        menus c1_0 
    where
        c1_0.parent_id=? 
    order by
        c1_0.order_no
Hibernate: 
    select
        c1_0.parent_id,
        c1_0.id,
        c1_0.active,
        c1_0.created_at,
        c1_0.icon,
        c1_0.module,
        c1_0.order_no,
        c1_0.permission_code,
        c1_0.route,
        c1_0.title,
        c1_0.updated_at,
        c1_0.version,
        c1_0.visible 
    from
        menus c1_0 
    where
        c1_0.parent_id=? 
    order by
        c1_0.order_no
Hibernate: 
    select
        c1_0.parent_id,
        c1_0.id,
        c1_0.active,
        c1_0.created_at,
        c1_0.icon,
        c1_0.module,
        c1_0.order_no,
        c1_0.permission_code,
        c1_0.route,
        c1_0.title,
        c1_0.updated_at,
        c1_0.version,
        c1_0.visible 
    from
        menus c1_0 
    where
        c1_0.parent_id=? 
    order by
        c1_0.order_no
Hibernate: 
    select
        c1_0.parent_id,
        c1_0.id,
        c1_0.active,
        c1_0.created_at,
        c1_0.icon,
        c1_0.module,
        c1_0.order_no,
        c1_0.permission_code,
        c1_0.route,
        c1_0.title,
        c1_0.updated_at,
        c1_0.version,
        c1_0.visible 
    from
        menus c1_0 
    where
        c1_0.parent_id=? 
    order by
        c1_0.order_no
Hibernate: 
    select
        c1_0.parent_id,
        c1_0.id,
        c1_0.active,
        c1_0.created_at,
        c1_0.icon,
        c1_0.module,
        c1_0.order_no,
        c1_0.permission_code,
        c1_0.route,
        c1_0.title,
        c1_0.updated_at,
        c1_0.version,
        c1_0.visible 
    from
        menus c1_0 
    where
        c1_0.parent_id=? 
    order by
        c1_0.order_no
Hibernate: 
    select
        m1_0.id,
        m1_0.active,
        m1_0.created_at,
        m1_0.icon,
        m1_0.module,
        m1_0.order_no,
        m1_0.parent_id,
        m1_0.permission_code,
        m1_0.route,
        m1_0.title,
        m1_0.updated_at,
        m1_0.version,
        m1_0.visible 
    from
        menus m1_0 
    where
        m1_0.title=? 
        and m1_0.parent_id=?
Hibernate: 
    select
        m1_0.id,
        m1_0.active,
        m1_0.created_at,
        m1_0.icon,
        m1_0.module,
        m1_0.order_no,
        m1_0.parent_id,
        m1_0.permission_code,
        m1_0.route,
        m1_0.title,
        m1_0.updated_at,
        m1_0.version,
        m1_0.visible 
    from
        menus m1_0 
    where
        m1_0.title=? 
        and m1_0.parent_id=?
Hibernate: 
    select
        m1_0.id,
        m1_0.active,
        m1_0.created_at,
        m1_0.icon,
        m1_0.module,
        m1_0.order_no,
        m1_0.parent_id,
        m1_0.permission_code,
        m1_0.route,
        m1_0.title,
        m1_0.updated_at,
        m1_0.version,
        m1_0.visible 
    from
        menus m1_0 
    where
        m1_0.title=? 
        and m1_0.parent_id=?
Hibernate: 
    select
        m1_0.id,
        m1_0.active,
        m1_0.created_at,
        m1_0.icon,
        m1_0.module,
        m1_0.order_no,
        m1_0.parent_id,
        m1_0.permission_code,
        m1_0.route,
        m1_0.title,
        m1_0.updated_at,
        m1_0.version,
        m1_0.visible 
    from
        menus m1_0 
    where
        m1_0.title=? 
        and m1_0.parent_id=?
Hibernate: 
    select
        m1_0.id,
        m1_0.active,
        m1_0.created_at,
        m1_0.icon,
        m1_0.module,
        m1_0.order_no,
        m1_0.parent_id,
        m1_0.permission_code,
        m1_0.route,
        m1_0.title,
        m1_0.updated_at,
        m1_0.version,
        m1_0.visible 
    from
        menus m1_0 
    where
        m1_0.title=? 
        and m1_0.parent_id is null
Hibernate: 
    select
        c1_0.parent_id,
        c1_0.id,
        c1_0.active,
        c1_0.created_at,
        c1_0.icon,
        c1_0.module,
        c1_0.order_no,
        c1_0.permission_code,
        c1_0.route,
        c1_0.title,
        c1_0.updated_at,
        c1_0.version,
        c1_0.visible 
    from
        menus c1_0 
    where
        c1_0.parent_id=? 
    order by
        c1_0.order_no
Hibernate: 
    select
        c1_0.parent_id,
        c1_0.id,
        c1_0.active,
        c1_0.created_at,
        c1_0.icon,
        c1_0.module,
        c1_0.order_no,
        c1_0.permission_code,
        c1_0.route,
        c1_0.title,
        c1_0.updated_at,
        c1_0.version,
        c1_0.visible 
    from
        menus c1_0 
    where
        c1_0.parent_id=? 
    order by
        c1_0.order_no
Hibernate: 
    select
        c1_0.parent_id,
        c1_0.id,
        c1_0.active,
        c1_0.created_at,
        c1_0.icon,
        c1_0.module,
        c1_0.order_no,
        c1_0.permission_code,
        c1_0.route,
        c1_0.title,
        c1_0.updated_at,
        c1_0.version,
        c1_0.visible 
    from
        menus c1_0 
    where
        c1_0.parent_id=? 
    order by
        c1_0.order_no
Hibernate: 
    select
        c1_0.parent_id,
        c1_0.id,
        c1_0.active,
        c1_0.created_at,
        c1_0.icon,
        c1_0.module,
        c1_0.order_no,
        c1_0.permission_code,
        c1_0.route,
        c1_0.title,
        c1_0.updated_at,
        c1_0.version,
        c1_0.visible 
    from
        menus c1_0 
    where
        c1_0.parent_id=? 
    order by
        c1_0.order_no
Hibernate: 
    select
        c1_0.parent_id,
        c1_0.id,
        c1_0.active,
        c1_0.created_at,
        c1_0.icon,
        c1_0.module,
        c1_0.order_no,
        c1_0.permission_code,
        c1_0.route,
        c1_0.title,
        c1_0.updated_at,
        c1_0.version,
        c1_0.visible 
    from
        menus c1_0 
    where
        c1_0.parent_id=? 
    order by
        c1_0.order_no
Hibernate: 
    select
        m1_0.id,
        m1_0.active,
        m1_0.created_at,
        m1_0.icon,
        m1_0.module,
        m1_0.order_no,
        m1_0.parent_id,
        m1_0.permission_code,
        m1_0.route,
        m1_0.title,
        m1_0.updated_at,
        m1_0.version,
        m1_0.visible 
    from
        menus m1_0 
    where
        m1_0.title=? 
        and m1_0.parent_id=?
Hibernate: 
    select
        m1_0.id,
        m1_0.active,
        m1_0.created_at,
        m1_0.icon,
        m1_0.module,
        m1_0.order_no,
        m1_0.parent_id,
        m1_0.permission_code,
        m1_0.route,
        m1_0.title,
        m1_0.updated_at,
        m1_0.version,
        m1_0.visible 
    from
        menus m1_0 
    where
        m1_0.title=? 
        and m1_0.parent_id=?
Hibernate: 
    select
        m1_0.id,
        m1_0.active,
        m1_0.created_at,
        m1_0.icon,
        m1_0.module,
        m1_0.order_no,
        m1_0.parent_id,
        m1_0.permission_code,
        m1_0.route,
        m1_0.title,
        m1_0.updated_at,
        m1_0.version,
        m1_0.visible 
    from
        menus m1_0 
    where
        m1_0.title=? 
        and m1_0.parent_id=?
Hibernate: 
    select
        m1_0.id,
        m1_0.active,
        m1_0.created_at,
        m1_0.icon,
        m1_0.module,
        m1_0.order_no,
        m1_0.parent_id,
        m1_0.permission_code,
        m1_0.route,
        m1_0.title,
        m1_0.updated_at,
        m1_0.version,
        m1_0.visible 
    from
        menus m1_0 
    where
        m1_0.title=? 
        and m1_0.parent_id=?
Hibernate: 
    select
        m1_0.id,
        m1_0.active,
        m1_0.created_at,
        m1_0.icon,
        m1_0.module,
        m1_0.order_no,
        m1_0.parent_id,
        m1_0.permission_code,
        m1_0.route,
        m1_0.title,
        m1_0.updated_at,
        m1_0.version,
        m1_0.visible 
    from
        menus m1_0 
    where
        m1_0.title=? 
        and m1_0.parent_id is null
Hibernate: 
    select
        c1_0.parent_id,
        c1_0.id,
        c1_0.active,
        c1_0.created_at,
        c1_0.icon,
        c1_0.module,
        c1_0.order_no,
        c1_0.permission_code,
        c1_0.route,
        c1_0.title,
        c1_0.updated_at,
        c1_0.version,
        c1_0.visible 
    from
        menus c1_0 
    where
        c1_0.parent_id=? 
    order by
        c1_0.order_no
Hibernate: 
    select
        c1_0.parent_id,
        c1_0.id,
        c1_0.active,
        c1_0.created_at,
        c1_0.icon,
        c1_0.module,
        c1_0.order_no,
        c1_0.permission_code,
        c1_0.route,
        c1_0.title,
        c1_0.updated_at,
        c1_0.version,
        c1_0.visible 
    from
        menus c1_0 
    where
        c1_0.parent_id=? 
    order by
        c1_0.order_no
Hibernate: 
    select
        c1_0.parent_id,
        c1_0.id,
        c1_0.active,
        c1_0.created_at,
        c1_0.icon,
        c1_0.module,
        c1_0.order_no,
        c1_0.permission_code,
        c1_0.route,
        c1_0.title,
        c1_0.updated_at,
        c1_0.version,
        c1_0.visible 
    from
        menus c1_0 
    where
        c1_0.parent_id=? 
    order by
        c1_0.order_no
Hibernate: 
    select
        c1_0.parent_id,
        c1_0.id,
        c1_0.active,
        c1_0.created_at,
        c1_0.icon,
        c1_0.module,
        c1_0.order_no,
        c1_0.permission_code,
        c1_0.route,
        c1_0.title,
        c1_0.updated_at,
        c1_0.version,
        c1_0.visible 
    from
        menus c1_0 
    where
        c1_0.parent_id=? 
    order by
        c1_0.order_no
Hibernate: 
    select
        c1_0.parent_id,
        c1_0.id,
        c1_0.active,
        c1_0.created_at,
        c1_0.icon,
        c1_0.module,
        c1_0.order_no,
        c1_0.permission_code,
        c1_0.route,
        c1_0.title,
        c1_0.updated_at,
        c1_0.version,
        c1_0.visible 
    from
        menus c1_0 
    where
        c1_0.parent_id=? 
    order by
        c1_0.order_no
Hibernate: 
    select
        c1_0.parent_id,
        c1_0.id,
        c1_0.active,
        c1_0.created_at,
        c1_0.icon,
        c1_0.module,
        c1_0.order_no,
        c1_0.permission_code,
        c1_0.route,
        c1_0.title,
        c1_0.updated_at,
        c1_0.version,
        c1_0.visible 
    from
        menus c1_0 
    where
        c1_0.parent_id=? 
    order by
        c1_0.order_no
Hibernate: 
    select
        m1_0.id,
        m1_0.active,
        m1_0.created_at,
        m1_0.icon,
        m1_0.module,
        m1_0.order_no,
        m1_0.parent_id,
        m1_0.permission_code,
        m1_0.route,
        m1_0.title,
        m1_0.updated_at,
        m1_0.version,
        m1_0.visible 
    from
        menus m1_0 
    where
        m1_0.title=? 
        and m1_0.parent_id=?
Hibernate: 
    select
        m1_0.id,
        m1_0.active,
        m1_0.created_at,
        m1_0.icon,
        m1_0.module,
        m1_0.order_no,
        m1_0.parent_id,
        m1_0.permission_code,
        m1_0.route,
        m1_0.title,
        m1_0.updated_at,
        m1_0.version,
        m1_0.visible 
    from
        menus m1_0 
    where
        m1_0.title=? 
        and m1_0.parent_id=?
Hibernate: 
    select
        m1_0.id,
        m1_0.active,
        m1_0.created_at,
        m1_0.icon,
        m1_0.module,
        m1_0.order_no,
        m1_0.parent_id,
        m1_0.permission_code,
        m1_0.route,
        m1_0.title,
        m1_0.updated_at,
        m1_0.version,
        m1_0.visible 
    from
        menus m1_0 
    where
        m1_0.title=? 
        and m1_0.parent_id=?
Hibernate: 
    select
        m1_0.id,
        m1_0.active,
        m1_0.created_at,
        m1_0.icon,
        m1_0.module,
        m1_0.order_no,
        m1_0.parent_id,
        m1_0.permission_code,
        m1_0.route,
        m1_0.title,
        m1_0.updated_at,
        m1_0.version,
        m1_0.visible 
    from
        menus m1_0 
    where
        m1_0.title=? 
        and m1_0.parent_id=?
Hibernate: 
    select
        m1_0.id,
        m1_0.active,
        m1_0.created_at,
        m1_0.icon,
        m1_0.module,
        m1_0.order_no,
        m1_0.parent_id,
        m1_0.permission_code,
        m1_0.route,
        m1_0.title,
        m1_0.updated_at,
        m1_0.version,
        m1_0.visible 
    from
        menus m1_0 
    where
        m1_0.title=? 
        and m1_0.parent_id=?
Hibernate: 
    select
        m1_0.id,
        m1_0.active,
        m1_0.created_at,
        m1_0.icon,
        m1_0.module,
        m1_0.order_no,
        m1_0.parent_id,
        m1_0.permission_code,
        m1_0.route,
        m1_0.title,
        m1_0.updated_at,
        m1_0.version,
        m1_0.visible 
    from
        menus m1_0 
    where
        m1_0.title=? 
        and m1_0.parent_id is null
Hibernate: 
    select
        c1_0.parent_id,
        c1_0.id,
        c1_0.active,
        c1_0.created_at,
        c1_0.icon,
        c1_0.module,
        c1_0.order_no,
        c1_0.permission_code,
        c1_0.route,
        c1_0.title,
        c1_0.updated_at,
        c1_0.version,
        c1_0.visible 
    from
        menus c1_0 
    where
        c1_0.parent_id=? 
    order by
        c1_0.order_no
Hibernate: 
    select
        c1_0.parent_id,
        c1_0.id,
        c1_0.active,
        c1_0.created_at,
        c1_0.icon,
        c1_0.module,
        c1_0.order_no,
        c1_0.permission_code,
        c1_0.route,
        c1_0.title,
        c1_0.updated_at,
        c1_0.version,
        c1_0.visible 
    from
        menus c1_0 
    where
        c1_0.parent_id=? 
    order by
        c1_0.order_no
Hibernate: 
    select
        c1_0.parent_id,
        c1_0.id,
        c1_0.active,
        c1_0.created_at,
        c1_0.icon,
        c1_0.module,
        c1_0.order_no,
        c1_0.permission_code,
        c1_0.route,
        c1_0.title,
        c1_0.updated_at,
        c1_0.version,
        c1_0.visible 
    from
        menus c1_0 
    where
        c1_0.parent_id=? 
    order by
        c1_0.order_no
Hibernate: 
    select
        c1_0.parent_id,
        c1_0.id,
        c1_0.active,
        c1_0.created_at,
        c1_0.icon,
        c1_0.module,
        c1_0.order_no,
        c1_0.permission_code,
        c1_0.route,
        c1_0.title,
        c1_0.updated_at,
        c1_0.version,
        c1_0.visible 
    from
        menus c1_0 
    where
        c1_0.parent_id=? 
    order by
        c1_0.order_no
Hibernate: 
    select
        c1_0.parent_id,
        c1_0.id,
        c1_0.active,
        c1_0.created_at,
        c1_0.icon,
        c1_0.module,
        c1_0.order_no,
        c1_0.permission_code,
        c1_0.route,
        c1_0.title,
        c1_0.updated_at,
        c1_0.version,
        c1_0.visible 
    from
        menus c1_0 
    where
        c1_0.parent_id=? 
    order by
        c1_0.order_no
Hibernate: 
    select
        m1_0.id,
        m1_0.active,
        m1_0.created_at,
        m1_0.icon,
        m1_0.module,
        m1_0.order_no,
        m1_0.parent_id,
        m1_0.permission_code,
        m1_0.route,
        m1_0.title,
        m1_0.updated_at,
        m1_0.version,
        m1_0.visible 
    from
        menus m1_0 
    where
        m1_0.title=? 
        and m1_0.parent_id=?
Hibernate: 
    select
        m1_0.id,
        m1_0.active,
        m1_0.created_at,
        m1_0.icon,
        m1_0.module,
        m1_0.order_no,
        m1_0.parent_id,
        m1_0.permission_code,
        m1_0.route,
        m1_0.title,
        m1_0.updated_at,
        m1_0.version,
        m1_0.visible 
    from
        menus m1_0 
    where
        m1_0.title=? 
        and m1_0.parent_id=?
Hibernate: 
    select
        m1_0.id,
        m1_0.active,
        m1_0.created_at,
        m1_0.icon,
        m1_0.module,
        m1_0.order_no,
        m1_0.parent_id,
        m1_0.permission_code,
        m1_0.route,
        m1_0.title,
        m1_0.updated_at,
        m1_0.version,
        m1_0.visible 
    from
        menus m1_0 
    where
        m1_0.title=? 
        and m1_0.parent_id=?
Hibernate: 
    select
        m1_0.id,
        m1_0.active,
        m1_0.created_at,
        m1_0.icon,
        m1_0.module,
        m1_0.order_no,
        m1_0.parent_id,
        m1_0.permission_code,
        m1_0.route,
        m1_0.title,
        m1_0.updated_at,
        m1_0.version,
        m1_0.visible 
    from
        menus m1_0 
    where
        m1_0.title=? 
        and m1_0.parent_id=?
Hibernate: 
    select
        m1_0.id,
        m1_0.active,
        m1_0.created_at,
        m1_0.icon,
        m1_0.module,
        m1_0.order_no,
        m1_0.parent_id,
        m1_0.permission_code,
        m1_0.route,
        m1_0.title,
        m1_0.updated_at,
        m1_0.version,
        m1_0.visible 
    from
        menus m1_0 
    where
        m1_0.title=? 
        and m1_0.parent_id is null
Hibernate: 
    select
        c1_0.parent_id,
        c1_0.id,
        c1_0.active,
        c1_0.created_at,
        c1_0.icon,
        c1_0.module,
        c1_0.order_no,
        c1_0.permission_code,
        c1_0.route,
        c1_0.title,
        c1_0.updated_at,
        c1_0.version,
        c1_0.visible 
    from
        menus c1_0 
    where
        c1_0.parent_id=? 
    order by
        c1_0.order_no
Hibernate: 
    select
        c1_0.parent_id,
        c1_0.id,
        c1_0.active,
        c1_0.created_at,
        c1_0.icon,
        c1_0.module,
        c1_0.order_no,
        c1_0.permission_code,
        c1_0.route,
        c1_0.title,
        c1_0.updated_at,
        c1_0.version,
        c1_0.visible 
    from
        menus c1_0 
    where
        c1_0.parent_id=? 
    order by
        c1_0.order_no
Hibernate: 
    select
        c1_0.parent_id,
        c1_0.id,
        c1_0.active,
        c1_0.created_at,
        c1_0.icon,
        c1_0.module,
        c1_0.order_no,
        c1_0.permission_code,
        c1_0.route,
        c1_0.title,
        c1_0.updated_at,
        c1_0.version,
        c1_0.visible 
    from
        menus c1_0 
    where
        c1_0.parent_id=? 
    order by
        c1_0.order_no
Hibernate: 
    select
        c1_0.parent_id,
        c1_0.id,
        c1_0.active,
        c1_0.created_at,
        c1_0.icon,
        c1_0.module,
        c1_0.order_no,
        c1_0.permission_code,
        c1_0.route,
        c1_0.title,
        c1_0.updated_at,
        c1_0.version,
        c1_0.visible 
    from
        menus c1_0 
    where
        c1_0.parent_id=? 
    order by
        c1_0.order_no
Hibernate: 
    select
        c1_0.parent_id,
        c1_0.id,
        c1_0.active,
        c1_0.created_at,
        c1_0.icon,
        c1_0.module,
        c1_0.order_no,
        c1_0.permission_code,
        c1_0.route,
        c1_0.title,
        c1_0.updated_at,
        c1_0.version,
        c1_0.visible 
    from
        menus c1_0 
    where
        c1_0.parent_id=? 
    order by
        c1_0.order_no
Hibernate: 
    select
        c1_0.parent_id,
        c1_0.id,
        c1_0.active,
        c1_0.created_at,
        c1_0.icon,
        c1_0.module,
        c1_0.order_no,
        c1_0.permission_code,
        c1_0.route,
        c1_0.title,
        c1_0.updated_at,
        c1_0.version,
        c1_0.visible 
    from
        menus c1_0 
    where
        c1_0.parent_id=? 
    order by
        c1_0.order_no
Hibernate: 
    select
        c1_0.parent_id,
        c1_0.id,
        c1_0.active,
        c1_0.created_at,
        c1_0.icon,
        c1_0.module,
        c1_0.order_no,
        c1_0.permission_code,
        c1_0.route,
        c1_0.title,
        c1_0.updated_at,
        c1_0.version,
        c1_0.visible 
    from
        menus c1_0 
    where
        c1_0.parent_id=? 
    order by
        c1_0.order_no
Hibernate: 
    select
        m1_0.id,
        m1_0.active,
        m1_0.created_at,
        m1_0.icon,
        m1_0.module,
        m1_0.order_no,
        m1_0.parent_id,
        m1_0.permission_code,
        m1_0.route,
        m1_0.title,
        m1_0.updated_at,
        m1_0.version,
        m1_0.visible 
    from
        menus m1_0 
    where
        m1_0.title=? 
        and m1_0.parent_id=?
Hibernate: 
    select
        m1_0.id,
        m1_0.active,
        m1_0.created_at,
        m1_0.icon,
        m1_0.module,
        m1_0.order_no,
        m1_0.parent_id,
        m1_0.permission_code,
        m1_0.route,
        m1_0.title,
        m1_0.updated_at,
        m1_0.version,
        m1_0.visible 
    from
        menus m1_0 
    where
        m1_0.title=? 
        and m1_0.parent_id=?
Hibernate: 
    select
        m1_0.id,
        m1_0.active,
        m1_0.created_at,
        m1_0.icon,
        m1_0.module,
        m1_0.order_no,
        m1_0.parent_id,
        m1_0.permission_code,
        m1_0.route,
        m1_0.title,
        m1_0.updated_at,
        m1_0.version,
        m1_0.visible 
    from
        menus m1_0 
    where
        m1_0.title=? 
        and m1_0.parent_id=?
Hibernate: 
    select
        m1_0.id,
        m1_0.active,
        m1_0.created_at,
        m1_0.icon,
        m1_0.module,
        m1_0.order_no,
        m1_0.parent_id,
        m1_0.permission_code,
        m1_0.route,
        m1_0.title,
        m1_0.updated_at,
        m1_0.version,
        m1_0.visible 
    from
        menus m1_0 
    where
        m1_0.title=? 
        and m1_0.parent_id=?
Hibernate: 
    select
        m1_0.id,
        m1_0.active,
        m1_0.created_at,
        m1_0.icon,
        m1_0.module,
        m1_0.order_no,
        m1_0.parent_id,
        m1_0.permission_code,
        m1_0.route,
        m1_0.title,
        m1_0.updated_at,
        m1_0.version,
        m1_0.visible 
    from
        menus m1_0 
    where
        m1_0.title=? 
        and m1_0.parent_id=?
Hibernate: 
    select
        m1_0.id,
        m1_0.active,
        m1_0.created_at,
        m1_0.icon,
        m1_0.module,
        m1_0.order_no,
        m1_0.parent_id,
        m1_0.permission_code,
        m1_0.route,
        m1_0.title,
        m1_0.updated_at,
        m1_0.version,
        m1_0.visible 
    from
        menus m1_0 
    where
        m1_0.title=? 
        and m1_0.parent_id=?
Hibernate: 
    select
        m1_0.id,
        m1_0.active,
        m1_0.created_at,
        m1_0.icon,
        m1_0.module,
        m1_0.order_no,
        m1_0.parent_id,
        m1_0.permission_code,
        m1_0.route,
        m1_0.title,
        m1_0.updated_at,
        m1_0.version,
        m1_0.visible 
    from
        menus m1_0 
    where
        m1_0.title=? 
        and m1_0.parent_id is null
Hibernate: 
    select
        c1_0.parent_id,
        c1_0.id,
        c1_0.active,
        c1_0.created_at,
        c1_0.icon,
        c1_0.module,
        c1_0.order_no,
        c1_0.permission_code,
        c1_0.route,
        c1_0.title,
        c1_0.updated_at,
        c1_0.version,
        c1_0.visible 
    from
        menus c1_0 
    where
        c1_0.parent_id=? 
    order by
        c1_0.order_no
Hibernate: 
    select
        c1_0.parent_id,
        c1_0.id,
        c1_0.active,
        c1_0.created_at,
        c1_0.icon,
        c1_0.module,
        c1_0.order_no,
        c1_0.permission_code,
        c1_0.route,
        c1_0.title,
        c1_0.updated_at,
        c1_0.version,
        c1_0.visible 
    from
        menus c1_0 
    where
        c1_0.parent_id=? 
    order by
        c1_0.order_no
Hibernate: 
    select
        c1_0.parent_id,
        c1_0.id,
        c1_0.active,
        c1_0.created_at,
        c1_0.icon,
        c1_0.module,
        c1_0.order_no,
        c1_0.permission_code,
        c1_0.route,
        c1_0.title,
        c1_0.updated_at,
        c1_0.version,
        c1_0.visible 
    from
        menus c1_0 
    where
        c1_0.parent_id=? 
    order by
        c1_0.order_no
Hibernate: 
    select
        c1_0.parent_id,
        c1_0.id,
        c1_0.active,
        c1_0.created_at,
        c1_0.icon,
        c1_0.module,
        c1_0.order_no,
        c1_0.permission_code,
        c1_0.route,
        c1_0.title,
        c1_0.updated_at,
        c1_0.version,
        c1_0.visible 
    from
        menus c1_0 
    where
        c1_0.parent_id=? 
    order by
        c1_0.order_no
Hibernate: 
    select
        c1_0.parent_id,
        c1_0.id,
        c1_0.active,
        c1_0.created_at,
        c1_0.icon,
        c1_0.module,
        c1_0.order_no,
        c1_0.permission_code,
        c1_0.route,
        c1_0.title,
        c1_0.updated_at,
        c1_0.version,
        c1_0.visible 
    from
        menus c1_0 
    where
        c1_0.parent_id=? 
    order by
        c1_0.order_no
Hibernate: 
    select
        m1_0.id,
        m1_0.active,
        m1_0.created_at,
        m1_0.icon,
        m1_0.module,
        m1_0.order_no,
        m1_0.parent_id,
        m1_0.permission_code,
        m1_0.route,
        m1_0.title,
        m1_0.updated_at,
        m1_0.version,
        m1_0.visible 
    from
        menus m1_0 
    where
        m1_0.title=? 
        and m1_0.parent_id=?
Hibernate: 
    select
        m1_0.id,
        m1_0.active,
        m1_0.created_at,
        m1_0.icon,
        m1_0.module,
        m1_0.order_no,
        m1_0.parent_id,
        m1_0.permission_code,
        m1_0.route,
        m1_0.title,
        m1_0.updated_at,
        m1_0.version,
        m1_0.visible 
    from
        menus m1_0 
    where
        m1_0.title=? 
        and m1_0.parent_id=?
Hibernate: 
    select
        m1_0.id,
        m1_0.active,
        m1_0.created_at,
        m1_0.icon,
        m1_0.module,
        m1_0.order_no,
        m1_0.parent_id,
        m1_0.permission_code,
        m1_0.route,
        m1_0.title,
        m1_0.updated_at,
        m1_0.version,
        m1_0.visible 
    from
        menus m1_0 
    where
        m1_0.title=? 
        and m1_0.parent_id=?
Hibernate: 
    select
        m1_0.id,
        m1_0.active,
        m1_0.created_at,
        m1_0.icon,
        m1_0.module,
        m1_0.order_no,
        m1_0.parent_id,
        m1_0.permission_code,
        m1_0.route,
        m1_0.title,
        m1_0.updated_at,
        m1_0.version,
        m1_0.visible 
    from
        menus m1_0 
    where
        m1_0.title=? 
        and m1_0.parent_id=?
Hibernate: 
    select
        m1_0.id,
        m1_0.active,
        m1_0.created_at,
        m1_0.icon,
        m1_0.module,
        m1_0.order_no,
        m1_0.parent_id,
        m1_0.permission_code,
        m1_0.route,
        m1_0.title,
        m1_0.updated_at,
        m1_0.version,
        m1_0.visible 
    from
        menus m1_0 
    where
        m1_0.title=? 
        and m1_0.parent_id is null
Hibernate: 
    select
        c1_0.parent_id,
        c1_0.id,
        c1_0.active,
        c1_0.created_at,
        c1_0.icon,
        c1_0.module,
        c1_0.order_no,
        c1_0.permission_code,
        c1_0.route,
        c1_0.title,
        c1_0.updated_at,
        c1_0.version,
        c1_0.visible 
    from
        menus c1_0 
    where
        c1_0.parent_id=? 
    order by
        c1_0.order_no
Hibernate: 
    select
        c1_0.parent_id,
        c1_0.id,
        c1_0.active,
        c1_0.created_at,
        c1_0.icon,
        c1_0.module,
        c1_0.order_no,
        c1_0.permission_code,
        c1_0.route,
        c1_0.title,
        c1_0.updated_at,
        c1_0.version,
        c1_0.visible 
    from
        menus c1_0 
    where
        c1_0.parent_id=? 
    order by
        c1_0.order_no
Hibernate: 
    select
        c1_0.parent_id,
        c1_0.id,
        c1_0.active,
        c1_0.created_at,
        c1_0.icon,
        c1_0.module,
        c1_0.order_no,
        c1_0.permission_code,
        c1_0.route,
        c1_0.title,
        c1_0.updated_at,
        c1_0.version,
        c1_0.visible 
    from
        menus c1_0 
    where
        c1_0.parent_id=? 
    order by
        c1_0.order_no
Hibernate: 
    select
        c1_0.parent_id,
        c1_0.id,
        c1_0.active,
        c1_0.created_at,
        c1_0.icon,
        c1_0.module,
        c1_0.order_no,
        c1_0.permission_code,
        c1_0.route,
        c1_0.title,
        c1_0.updated_at,
        c1_0.version,
        c1_0.visible 
    from
        menus c1_0 
    where
        c1_0.parent_id=? 
    order by
        c1_0.order_no
Hibernate: 
    select
        m1_0.id,
        m1_0.active,
        m1_0.created_at,
        m1_0.icon,
        m1_0.module,
        m1_0.order_no,
        m1_0.parent_id,
        m1_0.permission_code,
        m1_0.route,
        m1_0.title,
        m1_0.updated_at,
        m1_0.version,
        m1_0.visible 
    from
        menus m1_0 
    where
        m1_0.title=? 
        and m1_0.parent_id=?
Hibernate: 
    select
        m1_0.id,
        m1_0.active,
        m1_0.created_at,
        m1_0.icon,
        m1_0.module,
        m1_0.order_no,
        m1_0.parent_id,
        m1_0.permission_code,
        m1_0.route,
        m1_0.title,
        m1_0.updated_at,
        m1_0.version,
        m1_0.visible 
    from
        menus m1_0 
    where
        m1_0.title=? 
        and m1_0.parent_id=?
Hibernate: 
    select
        m1_0.id,
        m1_0.active,
        m1_0.created_at,
        m1_0.icon,
        m1_0.module,
        m1_0.order_no,
        m1_0.parent_id,
        m1_0.permission_code,
        m1_0.route,
        m1_0.title,
        m1_0.updated_at,
        m1_0.version,
        m1_0.visible 
    from
        menus m1_0 
    where
        m1_0.title=? 
        and m1_0.parent_id=?
Hibernate: 
    select
        m1_0.id,
        m1_0.active,
        m1_0.created_at,
        m1_0.icon,
        m1_0.module,
        m1_0.order_no,
        m1_0.parent_id,
        m1_0.permission_code,
        m1_0.route,
        m1_0.title,
        m1_0.updated_at,
        m1_0.version,
        m1_0.visible 
    from
        menus m1_0 
    where
        m1_0.title=? 
        and m1_0.parent_id is null
Hibernate: 
    select
        c1_0.parent_id,
        c1_0.id,
        c1_0.active,
        c1_0.created_at,
        c1_0.icon,
        c1_0.module,
        c1_0.order_no,
        c1_0.permission_code,
        c1_0.route,
        c1_0.title,
        c1_0.updated_at,
        c1_0.version,
        c1_0.visible 
    from
        menus c1_0 
    where
        c1_0.parent_id=? 
    order by
        c1_0.order_no
Hibernate: 
    select
        c1_0.parent_id,
        c1_0.id,
        c1_0.active,
        c1_0.created_at,
        c1_0.icon,
        c1_0.module,
        c1_0.order_no,
        c1_0.permission_code,
        c1_0.route,
        c1_0.title,
        c1_0.updated_at,
        c1_0.version,
        c1_0.visible 
    from
        menus c1_0 
    where
        c1_0.parent_id=? 
    order by
        c1_0.order_no
Hibernate: 
    select
        c1_0.parent_id,
        c1_0.id,
        c1_0.active,
        c1_0.created_at,
        c1_0.icon,
        c1_0.module,
        c1_0.order_no,
        c1_0.permission_code,
        c1_0.route,
        c1_0.title,
        c1_0.updated_at,
        c1_0.version,
        c1_0.visible 
    from
        menus c1_0 
    where
        c1_0.parent_id=? 
    order by
        c1_0.order_no
Hibernate: 
    select
        c1_0.parent_id,
        c1_0.id,
        c1_0.active,
        c1_0.created_at,
        c1_0.icon,
        c1_0.module,
        c1_0.order_no,
        c1_0.permission_code,
        c1_0.route,
        c1_0.title,
        c1_0.updated_at,
        c1_0.version,
        c1_0.visible 
    from
        menus c1_0 
    where
        c1_0.parent_id=? 
    order by
        c1_0.order_no
Hibernate: 
    select
        m1_0.id,
        m1_0.active,
        m1_0.created_at,
        m1_0.icon,
        m1_0.module,
        m1_0.order_no,
        m1_0.parent_id,
        m1_0.permission_code,
        m1_0.route,
        m1_0.title,
        m1_0.updated_at,
        m1_0.version,
        m1_0.visible 
    from
        menus m1_0 
    where
        m1_0.title=? 
        and m1_0.parent_id=?
Hibernate: 
    select
        m1_0.id,
        m1_0.active,
        m1_0.created_at,
        m1_0.icon,
        m1_0.module,
        m1_0.order_no,
        m1_0.parent_id,
        m1_0.permission_code,
        m1_0.route,
        m1_0.title,
        m1_0.updated_at,
        m1_0.version,
        m1_0.visible 
    from
        menus m1_0 
    where
        m1_0.title=? 
        and m1_0.parent_id=?
Hibernate: 
    select
        m1_0.id,
        m1_0.active,
        m1_0.created_at,
        m1_0.icon,
        m1_0.module,
        m1_0.order_no,
        m1_0.parent_id,
        m1_0.permission_code,
        m1_0.route,
        m1_0.title,
        m1_0.updated_at,
        m1_0.version,
        m1_0.visible 
    from
        menus m1_0 
    where
        m1_0.title=? 
        and m1_0.parent_id=?
Hibernate: 
    select
        m1_0.id,
        m1_0.active,
        m1_0.created_at,
        m1_0.icon,
        m1_0.module,
        m1_0.order_no,
        m1_0.parent_id,
        m1_0.permission_code,
        m1_0.route,
        m1_0.title,
        m1_0.updated_at,
        m1_0.version,
        m1_0.visible 
    from
        menus m1_0 
    where
        m1_0.title=? 
        and m1_0.parent_id is null
Hibernate: 
    select
        c1_0.parent_id,
        c1_0.id,
        c1_0.active,
        c1_0.created_at,
        c1_0.icon,
        c1_0.module,
        c1_0.order_no,
        c1_0.permission_code,
        c1_0.route,
        c1_0.title,
        c1_0.updated_at,
        c1_0.version,
        c1_0.visible 
    from
        menus c1_0 
    where
        c1_0.parent_id=? 
    order by
        c1_0.order_no
Hibernate: 
    select
        c1_0.parent_id,
        c1_0.id,
        c1_0.active,
        c1_0.created_at,
        c1_0.icon,
        c1_0.module,
        c1_0.order_no,
        c1_0.permission_code,
        c1_0.route,
        c1_0.title,
        c1_0.updated_at,
        c1_0.version,
        c1_0.visible 
    from
        menus c1_0 
    where
        c1_0.parent_id=? 
    order by
        c1_0.order_no
Hibernate: 
    select
        c1_0.parent_id,
        c1_0.id,
        c1_0.active,
        c1_0.created_at,
        c1_0.icon,
        c1_0.module,
        c1_0.order_no,
        c1_0.permission_code,
        c1_0.route,
        c1_0.title,
        c1_0.updated_at,
        c1_0.version,
        c1_0.visible 
    from
        menus c1_0 
    where
        c1_0.parent_id=? 
    order by
        c1_0.order_no
Hibernate: 
    select
        c1_0.parent_id,
        c1_0.id,
        c1_0.active,
        c1_0.created_at,
        c1_0.icon,
        c1_0.module,
        c1_0.order_no,
        c1_0.permission_code,
        c1_0.route,
        c1_0.title,
        c1_0.updated_at,
        c1_0.version,
        c1_0.visible 
    from
        menus c1_0 
    where
        c1_0.parent_id=? 
    order by
        c1_0.order_no
Hibernate: 
    select
        c1_0.parent_id,
        c1_0.id,
        c1_0.active,
        c1_0.created_at,
        c1_0.icon,
        c1_0.module,
        c1_0.order_no,
        c1_0.permission_code,
        c1_0.route,
        c1_0.title,
        c1_0.updated_at,
        c1_0.version,
        c1_0.visible 
    from
        menus c1_0 
    where
        c1_0.parent_id=? 
    order by
        c1_0.order_no
Hibernate: 
    select
        m1_0.id,
        m1_0.active,
        m1_0.created_at,
        m1_0.icon,
        m1_0.module,
        m1_0.order_no,
        m1_0.parent_id,
        m1_0.permission_code,
        m1_0.route,
        m1_0.title,
        m1_0.updated_at,
        m1_0.version,
        m1_0.visible 
    from
        menus m1_0 
    where
        m1_0.title=? 
        and m1_0.parent_id=?
Hibernate: 
    select
        m1_0.id,
        m1_0.active,
        m1_0.created_at,
        m1_0.icon,
        m1_0.module,
        m1_0.order_no,
        m1_0.parent_id,
        m1_0.permission_code,
        m1_0.route,
        m1_0.title,
        m1_0.updated_at,
        m1_0.version,
        m1_0.visible 
    from
        menus m1_0 
    where
        m1_0.title=? 
        and m1_0.parent_id=?
Hibernate: 
    select
        m1_0.id,
        m1_0.active,
        m1_0.created_at,
        m1_0.icon,
        m1_0.module,
        m1_0.order_no,
        m1_0.parent_id,
        m1_0.permission_code,
        m1_0.route,
        m1_0.title,
        m1_0.updated_at,
        m1_0.version,
        m1_0.visible 
    from
        menus m1_0 
    where
        m1_0.title=? 
        and m1_0.parent_id=?
Hibernate: 
    select
        m1_0.id,
        m1_0.active,
        m1_0.created_at,
        m1_0.icon,
        m1_0.module,
        m1_0.order_no,
        m1_0.parent_id,
        m1_0.permission_code,
        m1_0.route,
        m1_0.title,
        m1_0.updated_at,
        m1_0.version,
        m1_0.visible 
    from
        menus m1_0 
    where
        m1_0.title=? 
        and m1_0.parent_id=?
Hibernate: 
    select
        m1_0.id,
        m1_0.active,
        m1_0.created_at,
        m1_0.icon,
        m1_0.module,
        m1_0.order_no,
        m1_0.parent_id,
        m1_0.permission_code,
        m1_0.route,
        m1_0.title,
        m1_0.updated_at,
        m1_0.version,
        m1_0.visible 
    from
        menus m1_0 
    where
        m1_0.title=? 
        and m1_0.parent_id is null
Hibernate: 
    select
        c1_0.parent_id,
        c1_0.id,
        c1_0.active,
        c1_0.created_at,
        c1_0.icon,
        c1_0.module,
        c1_0.order_no,
        c1_0.permission_code,
        c1_0.route,
        c1_0.title,
        c1_0.updated_at,
        c1_0.version,
        c1_0.visible 
    from
        menus c1_0 
    where
        c1_0.parent_id=? 
    order by
        c1_0.order_no
Hibernate: 
    select
        c1_0.parent_id,
        c1_0.id,
        c1_0.active,
        c1_0.created_at,
        c1_0.icon,
        c1_0.module,
        c1_0.order_no,
        c1_0.permission_code,
        c1_0.route,
        c1_0.title,
        c1_0.updated_at,
        c1_0.version,
        c1_0.visible 
    from
        menus c1_0 
    where
        c1_0.parent_id=? 
    order by
        c1_0.order_no
Hibernate: 
    select
        c1_0.parent_id,
        c1_0.id,
        c1_0.active,
        c1_0.created_at,
        c1_0.icon,
        c1_0.module,
        c1_0.order_no,
        c1_0.permission_code,
        c1_0.route,
        c1_0.title,
        c1_0.updated_at,
        c1_0.version,
        c1_0.visible 
    from
        menus c1_0 
    where
        c1_0.parent_id=? 
    order by
        c1_0.order_no
Hibernate: 
    select
        c1_0.parent_id,
        c1_0.id,
        c1_0.active,
        c1_0.created_at,
        c1_0.icon,
        c1_0.module,
        c1_0.order_no,
        c1_0.permission_code,
        c1_0.route,
        c1_0.title,
        c1_0.updated_at,
        c1_0.version,
        c1_0.visible 
    from
        menus c1_0 
    where
        c1_0.parent_id=? 
    order by
        c1_0.order_no
Hibernate: 
    select
        c1_0.parent_id,
        c1_0.id,
        c1_0.active,
        c1_0.created_at,
        c1_0.icon,
        c1_0.module,
        c1_0.order_no,
        c1_0.permission_code,
        c1_0.route,
        c1_0.title,
        c1_0.updated_at,
        c1_0.version,
        c1_0.visible 
    from
        menus c1_0 
    where
        c1_0.parent_id=? 
    order by
        c1_0.order_no
Hibernate: 
    select
        m1_0.id,
        m1_0.active,
        m1_0.created_at,
        m1_0.icon,
        m1_0.module,
        m1_0.order_no,
        m1_0.parent_id,
        m1_0.permission_code,
        m1_0.route,
        m1_0.title,
        m1_0.updated_at,
        m1_0.version,
        m1_0.visible 
    from
        menus m1_0 
    where
        m1_0.title=? 
        and m1_0.parent_id=?
Hibernate: 
    select
        m1_0.id,
        m1_0.active,
        m1_0.created_at,
        m1_0.icon,
        m1_0.module,
        m1_0.order_no,
        m1_0.parent_id,
        m1_0.permission_code,
        m1_0.route,
        m1_0.title,
        m1_0.updated_at,
        m1_0.version,
        m1_0.visible 
    from
        menus m1_0 
    where
        m1_0.title=? 
        and m1_0.parent_id=?
Hibernate: 
    select
        m1_0.id,
        m1_0.active,
        m1_0.created_at,
        m1_0.icon,
        m1_0.module,
        m1_0.order_no,
        m1_0.parent_id,
        m1_0.permission_code,
        m1_0.route,
        m1_0.title,
        m1_0.updated_at,
        m1_0.version,
        m1_0.visible 
    from
        menus m1_0 
    where
        m1_0.title=? 
        and m1_0.parent_id=?
Hibernate: 
    select
        m1_0.id,
        m1_0.active,
        m1_0.created_at,
        m1_0.icon,
        m1_0.module,
        m1_0.order_no,
        m1_0.parent_id,
        m1_0.permission_code,
        m1_0.route,
        m1_0.title,
        m1_0.updated_at,
        m1_0.version,
        m1_0.visible 
    from
        menus m1_0 
    where
        m1_0.title=? 
        and m1_0.parent_id=?
Hibernate: 
    select
        m1_0.id,
        m1_0.active,
        m1_0.created_at,
        m1_0.icon,
        m1_0.module,
        m1_0.order_no,
        m1_0.parent_id,
        m1_0.permission_code,
        m1_0.route,
        m1_0.title,
        m1_0.updated_at,
        m1_0.version,
        m1_0.visible 
    from
        menus m1_0 
    where
        m1_0.title=? 
        and m1_0.parent_id is null
Hibernate: 
    select
        c1_0.parent_id,
        c1_0.id,
        c1_0.active,
        c1_0.created_at,
        c1_0.icon,
        c1_0.module,
        c1_0.order_no,
        c1_0.permission_code,
        c1_0.route,
        c1_0.title,
        c1_0.updated_at,
        c1_0.version,
        c1_0.visible 
    from
        menus c1_0 
    where
        c1_0.parent_id=? 
    order by
        c1_0.order_no
Hibernate: 
    select
        c1_0.parent_id,
        c1_0.id,
        c1_0.active,
        c1_0.created_at,
        c1_0.icon,
        c1_0.module,
        c1_0.order_no,
        c1_0.permission_code,
        c1_0.route,
        c1_0.title,
        c1_0.updated_at,
        c1_0.version,
        c1_0.visible 
    from
        menus c1_0 
    where
        c1_0.parent_id=? 
    order by
        c1_0.order_no
Hibernate: 
    select
        c1_0.parent_id,
        c1_0.id,
        c1_0.active,
        c1_0.created_at,
        c1_0.icon,
        c1_0.module,
        c1_0.order_no,
        c1_0.permission_code,
        c1_0.route,
        c1_0.title,
        c1_0.updated_at,
        c1_0.version,
        c1_0.visible 
    from
        menus c1_0 
    where
        c1_0.parent_id=? 
    order by
        c1_0.order_no
Hibernate: 
    select
        m1_0.id,
        m1_0.active,
        m1_0.created_at,
        m1_0.icon,
        m1_0.module,
        m1_0.order_no,
        m1_0.parent_id,
        m1_0.permission_code,
        m1_0.route,
        m1_0.title,
        m1_0.updated_at,
        m1_0.version,
        m1_0.visible 
    from
        menus m1_0 
    where
        m1_0.title=? 
        and m1_0.parent_id=?
Hibernate: 
    select
        m1_0.id,
        m1_0.active,
        m1_0.created_at,
        m1_0.icon,
        m1_0.module,
        m1_0.order_no,
        m1_0.parent_id,
        m1_0.permission_code,
        m1_0.route,
        m1_0.title,
        m1_0.updated_at,
        m1_0.version,
        m1_0.visible 
    from
        menus m1_0 
    where
        m1_0.title=? 
        and m1_0.parent_id=?
Hibernate: 
    select
        m1_0.id,
        m1_0.active,
        m1_0.created_at,
        m1_0.icon,
        m1_0.module,
        m1_0.order_no,
        m1_0.parent_id,
        m1_0.permission_code,
        m1_0.route,
        m1_0.title,
        m1_0.updated_at,
        m1_0.version,
        m1_0.visible 
    from
        menus m1_0 
    where
        m1_0.title=? 
        and m1_0.parent_id is null
Hibernate: 
    select
        c1_0.parent_id,
        c1_0.id,
        c1_0.active,
        c1_0.created_at,
        c1_0.icon,
        c1_0.module,
        c1_0.order_no,
        c1_0.permission_code,
        c1_0.route,
        c1_0.title,
        c1_0.updated_at,
        c1_0.version,
        c1_0.visible 
    from
        menus c1_0 
    where
        c1_0.parent_id=? 
    order by
        c1_0.order_no
Hibernate: 
    select
        c1_0.parent_id,
        c1_0.id,
        c1_0.active,
        c1_0.created_at,
        c1_0.icon,
        c1_0.module,
        c1_0.order_no,
        c1_0.permission_code,
        c1_0.route,
        c1_0.title,
        c1_0.updated_at,
        c1_0.version,
        c1_0.visible 
    from
        menus c1_0 
    where
        c1_0.parent_id=? 
    order by
        c1_0.order_no
Hibernate: 
    select
        m1_0.id,
        m1_0.active,
        m1_0.created_at,
        m1_0.icon,
        m1_0.module,
        m1_0.order_no,
        m1_0.parent_id,
        m1_0.permission_code,
        m1_0.route,
        m1_0.title,
        m1_0.updated_at,
        m1_0.version,
        m1_0.visible 
    from
        menus m1_0 
    where
        m1_0.title=? 
        and m1_0.parent_id=?
Hibernate: 
    update
        roles 
    set
        active=?,
        code=?,
        description=?,
        name=?,
        updated_at=?,
        version=? 
    where
        id=? 
        and version=?
Hibernate: 
    delete 
    from
        role_permissions 
    where
        role_id=?
Hibernate: 
    insert 
    into
        role_permissions
        (role_id, permission_id) 
    values
        (?, ?)
Hibernate: 
    insert 
    into
        role_permissions
        (role_id, permission_id) 
    values
        (?, ?)
Hibernate: 
    insert 
    into
        role_permissions
        (role_id, permission_id) 
    values
        (?, ?)
Hibernate: 
    insert 
    into
        role_permissions
        (role_id, permission_id) 
    values
        (?, ?)
Hibernate: 
    insert 
    into
        role_permissions
        (role_id, permission_id) 
    values
        (?, ?)
Hibernate: 
    insert 
    into
        role_permissions
        (role_id, permission_id) 
    values
        (?, ?)
Hibernate: 
    select
        dw1_0.id,
        dw1_0.api_endpoint,
        dw1_0.column_span,
        dw1_0.created_at,
        dw1_0.data_source,
        dw1_0.order_no,
        dw1_0.role_id,
        dw1_0.updated_at,
        dw1_0.version,
        dw1_0.visible,
        dw1_0.widget_config,
        dw1_0.widget_title,
        dw1_0.widget_type 
    from
        dashboard_widgets dw1_0 
    left join
        roles r1_0 
            on r1_0.id=dw1_0.role_id 
    where
        r1_0.id=? 
        and dw1_0.visible 
    order by
        dw1_0.order_no
Hibernate: 
    select
        dw1_0.id,
        dw1_0.api_endpoint,
        dw1_0.column_span,
        dw1_0.created_at,
        dw1_0.data_source,
        dw1_0.order_no,
        dw1_0.role_id,
        dw1_0.updated_at,
        dw1_0.version,
        dw1_0.visible,
        dw1_0.widget_config,
        dw1_0.widget_title,
        dw1_0.widget_type 
    from
        dashboard_widgets dw1_0 
    left join
        roles r1_0 
            on r1_0.id=dw1_0.role_id 
    where
        r1_0.id=? 
        and dw1_0.visible 
    order by
        dw1_0.order_no
Hibernate: 
    select
        dw1_0.id,
        dw1_0.api_endpoint,
        dw1_0.column_span,
        dw1_0.created_at,
        dw1_0.data_source,
        dw1_0.order_no,
        dw1_0.role_id,
        dw1_0.updated_at,
        dw1_0.version,
        dw1_0.visible,
        dw1_0.widget_config,
        dw1_0.widget_title,
        dw1_0.widget_type 
    from
        dashboard_widgets dw1_0 
    left join
        roles r1_0 
            on r1_0.id=dw1_0.role_id 
    where
        r1_0.id=? 
        and dw1_0.visible 
    order by
        dw1_0.order_no
Hibernate: 
    select
        dw1_0.id,
        dw1_0.api_endpoint,
        dw1_0.column_span,
        dw1_0.created_at,
        dw1_0.data_source,
        dw1_0.order_no,
        dw1_0.role_id,
        dw1_0.updated_at,
        dw1_0.version,
        dw1_0.visible,
        dw1_0.widget_config,
        dw1_0.widget_title,
        dw1_0.widget_type 
    from
        dashboard_widgets dw1_0 
    left join
        roles r1_0 
            on r1_0.id=dw1_0.role_id 
    where
        r1_0.id=? 
        and dw1_0.visible 
    order by
        dw1_0.order_no
Hibernate: 
    select
        dw1_0.id,
        dw1_0.api_endpoint,
        dw1_0.column_span,
        dw1_0.created_at,
        dw1_0.data_source,
        dw1_0.order_no,
        dw1_0.role_id,
        dw1_0.updated_at,
        dw1_0.version,
        dw1_0.visible,
        dw1_0.widget_config,
        dw1_0.widget_title,
        dw1_0.widget_type 
    from
        dashboard_widgets dw1_0 
    left join
        roles r1_0 
            on r1_0.id=dw1_0.role_id 
    where
        r1_0.id=? 
        and dw1_0.visible 
    order by
        dw1_0.order_no
Hibernate: 
    select
        dw1_0.id,
        dw1_0.api_endpoint,
        dw1_0.column_span,
        dw1_0.created_at,
        dw1_0.data_source,
        dw1_0.order_no,
        dw1_0.role_id,
        dw1_0.updated_at,
        dw1_0.version,
        dw1_0.visible,
        dw1_0.widget_config,
        dw1_0.widget_title,
        dw1_0.widget_type 
    from
        dashboard_widgets dw1_0 
    left join
        roles r1_0 
            on r1_0.id=dw1_0.role_id 
    where
        r1_0.id=? 
        and dw1_0.visible 
    order by
        dw1_0.order_no
Hibernate: 
    select
        dw1_0.id,
        dw1_0.api_endpoint,
        dw1_0.column_span,
        dw1_0.created_at,
        dw1_0.data_source,
        dw1_0.order_no,
        dw1_0.role_id,
        dw1_0.updated_at,
        dw1_0.version,
        dw1_0.visible,
        dw1_0.widget_config,
        dw1_0.widget_title,
        dw1_0.widget_type 
    from
        dashboard_widgets dw1_0 
    left join
        roles r1_0 
            on r1_0.id=dw1_0.role_id 
    where
        r1_0.id=? 
        and dw1_0.visible 
    order by
        dw1_0.order_no
Hibernate: 
    select
        dw1_0.id,
        dw1_0.api_endpoint,
        dw1_0.column_span,
        dw1_0.created_at,
        dw1_0.data_source,
        dw1_0.order_no,
        dw1_0.role_id,
        dw1_0.updated_at,
        dw1_0.version,
        dw1_0.visible,
        dw1_0.widget_config,
        dw1_0.widget_title,
        dw1_0.widget_type 
    from
        dashboard_widgets dw1_0 
    left join
        roles r1_0 
            on r1_0.id=dw1_0.role_id 
    where
        r1_0.id=? 
        and dw1_0.visible 
    order by
        dw1_0.order_no
Hibernate: 
    select
        dw1_0.id,
        dw1_0.api_endpoint,
        dw1_0.column_span,
        dw1_0.created_at,
        dw1_0.data_source,
        dw1_0.order_no,
        dw1_0.role_id,
        dw1_0.updated_at,
        dw1_0.version,
        dw1_0.visible,
        dw1_0.widget_config,
        dw1_0.widget_title,
        dw1_0.widget_type 
    from
        dashboard_widgets dw1_0 
    left join
        roles r1_0 
            on r1_0.id=dw1_0.role_id 
    where
        r1_0.id=? 
        and dw1_0.visible 
    order by
        dw1_0.order_no
Hibernate: 
    select
        dw1_0.id,
        dw1_0.api_endpoint,
        dw1_0.column_span,
        dw1_0.created_at,
        dw1_0.data_source,
        dw1_0.order_no,
        dw1_0.role_id,
        dw1_0.updated_at,
        dw1_0.version,
        dw1_0.visible,
        dw1_0.widget_config,
        dw1_0.widget_title,
        dw1_0.widget_type 
    from
        dashboard_widgets dw1_0 
    left join
        roles r1_0 
            on r1_0.id=dw1_0.role_id 
    where
        r1_0.id=? 
        and dw1_0.visible 
    order by
        dw1_0.order_no
Hibernate: 
    select
        dw1_0.id,
        dw1_0.api_endpoint,
        dw1_0.column_span,
        dw1_0.created_at,
        dw1_0.data_source,
        dw1_0.order_no,
        dw1_0.role_id,
        dw1_0.updated_at,
        dw1_0.version,
        dw1_0.visible,
        dw1_0.widget_config,
        dw1_0.widget_title,
        dw1_0.widget_type 
    from
        dashboard_widgets dw1_0 
    left join
        roles r1_0 
            on r1_0.id=dw1_0.role_id 
    where
        r1_0.id=? 
        and dw1_0.visible 
    order by
        dw1_0.order_no
Hibernate: 
    select
        dw1_0.id,
        dw1_0.api_endpoint,
        dw1_0.column_span,
        dw1_0.created_at,
        dw1_0.data_source,
        dw1_0.order_no,
        dw1_0.role_id,
        dw1_0.updated_at,
        dw1_0.version,
        dw1_0.visible,
        dw1_0.widget_config,
        dw1_0.widget_title,
        dw1_0.widget_type 
    from
        dashboard_widgets dw1_0 
    left join
        roles r1_0 
            on r1_0.id=dw1_0.role_id 
    where
        r1_0.id=? 
        and dw1_0.visible 
    order by
        dw1_0.order_no
Hibernate: 
    select
        dw1_0.id,
        dw1_0.api_endpoint,
        dw1_0.column_span,
        dw1_0.created_at,
        dw1_0.data_source,
        dw1_0.order_no,
        dw1_0.role_id,
        dw1_0.updated_at,
        dw1_0.version,
        dw1_0.visible,
        dw1_0.widget_config,
        dw1_0.widget_title,
        dw1_0.widget_type 
    from
        dashboard_widgets dw1_0 
    left join
        roles r1_0 
            on r1_0.id=dw1_0.role_id 
    where
        r1_0.id=? 
        and dw1_0.visible 
    order by
        dw1_0.order_no
Hibernate: 
    select
        dw1_0.id,
        dw1_0.api_endpoint,
        dw1_0.column_span,
        dw1_0.created_at,
        dw1_0.data_source,
        dw1_0.order_no,
        dw1_0.role_id,
        dw1_0.updated_at,
        dw1_0.version,
        dw1_0.visible,
        dw1_0.widget_config,
        dw1_0.widget_title,
        dw1_0.widget_type 
    from
        dashboard_widgets dw1_0 
    left join
        roles r1_0 
            on r1_0.id=dw1_0.role_id 
    where
        r1_0.id=? 
        and dw1_0.visible 
    order by
        dw1_0.order_no
Hibernate: 
    select
        ss1_0.id,
        ss1_0.created_at,
        ss1_0.description,
        ss1_0.is_public,
        ss1_0.module,
        ss1_0.setting_key,
        ss1_0.setting_type,
        ss1_0.setting_value,
        ss1_0.updated_at,
        ss1_0.version 
    from
        system_settings ss1_0 
    where
        ss1_0.setting_key=?
Hibernate: 
    select
        ss1_0.id,
        ss1_0.created_at,
        ss1_0.description,
        ss1_0.is_public,
        ss1_0.module,
        ss1_0.setting_key,
        ss1_0.setting_type,
        ss1_0.setting_value,
        ss1_0.updated_at,
        ss1_0.version 
    from
        system_settings ss1_0 
    where
        ss1_0.setting_key=?
2026-07-08T18:35:54.744+06:00  INFO 5624 --- [University_Management] [nio-8085-exec-1] o.a.c.c.C.[Tomcat].[localhost].[/]       : Initializing Spring DispatcherServlet 'dispatcherServlet'
2026-07-08T18:35:54.744+06:00  INFO 5624 --- [University_Management] [nio-8085-exec-1] o.s.web.servlet.DispatcherServlet        : Initializing Servlet 'dispatcherServlet'
2026-07-08T18:35:54.747+06:00  INFO 5624 --- [University_Management] [nio-8085-exec-1] o.s.web.servlet.DispatcherServlet        : Completed initialization in 2 ms
2026-07-08T18:35:54.769+06:00 ERROR 5624 --- [University_Management] [nio-8085-exec-1] c.b.U.security.jwt.AuthEntryPointJwt     : Unauthorized error: Full authentication is required to access this resource
2026-07-08T18:37:04.983+06:00 ERROR 5624 --- [University_Management] [nio-8085-exec-3] c.b.U.security.jwt.AuthEntryPointJwt     : Unauthorized error: Full authentication is required to access this resource
Hibernate: 
    select
        u1_0.id,
        u1_0.active,
        u1_0.avatar,
        u1_0.created_at,
        u1_0.email,
        u1_0.first_name,
        u1_0.last_login_at,
        u1_0.last_login_ip,
        u1_0.last_name,
        u1_0.locked_until,
        u1_0.login_attempts,
        u1_0.password,
        u1_0.password_changed_at,
        u1_0.phone,
        u1_0.role_id,
        u1_0.updated_at,
        u1_0.username,
        u1_0.version 
    from
        users u1_0 
    where
        u1_0.username=?
Hibernate: 
    select
        r1_0.id,
        r1_0.active,
        r1_0.code,
        r1_0.created_at,
        r1_0.description,
        r1_0.name,
        p1_0.role_id,
        p1_1.id,
        p1_1.action,
        p1_1.code,
        p1_1.created_at,
        p1_1.description,
        p1_1.module,
        p1_1.name,
        p1_1.updated_at,
        p1_1.version,
        r1_0.updated_at,
        r1_0.version 
    from
        roles r1_0 
    left join
        role_permissions p1_0 
            on r1_0.id=p1_0.role_id 
    left join
        permissions p1_1 
            on p1_1.id=p1_0.permission_id 
    where
        r1_0.id=?
Hibernate: 
    select
        u1_0.id,
        u1_0.active,
        u1_0.avatar,
        u1_0.created_at,
        u1_0.email,
        u1_0.first_name,
        u1_0.last_login_at,
        u1_0.last_login_ip,
        u1_0.last_name,
        u1_0.locked_until,
        u1_0.login_attempts,
        u1_0.password,
        u1_0.password_changed_at,
        u1_0.phone,
        u1_0.role_id,
        u1_0.updated_at,
        u1_0.username,
        u1_0.version 
    from
        users u1_0 
    where
        u1_0.username=?
Hibernate: 
    select
        m1_0.id,
        m1_0.active,
        m1_0.created_at,
        m1_0.icon,
        m1_0.module,
        m1_0.order_no,
        m1_0.parent_id,
        m1_0.permission_code,
        m1_0.route,
        m1_0.title,
        m1_0.updated_at,
        m1_0.version,
        m1_0.visible 
    from
        menus m1_0 
    where
        m1_0.parent_id is null 
        and m1_0.active=1 
        and m1_0.visible=1 
        and (
            m1_0.permission_code is null 
            or m1_0.permission_code in (?, ?, ?, ?, ?, ?, ?, ?, ?, ?, ?, ?, ?, ?, ?, ?, ?, ?, ?, ?, ?, ?, ?, ?, ?, ?, ?, ?, ?, ?, ?, ?, ?, ?, ?, ?, ?, ?, ?, ?, ?, ?, ?, ?, ?, ?, ?, ?, ?, ?, ?, ?, ?, ?)
        ) 
    order by
        m1_0.order_no
Hibernate: 
    select
        c1_0.parent_id,
        c1_0.id,
        c1_0.active,
        c1_0.created_at,
        c1_0.icon,
        c1_0.module,
        c1_0.order_no,
        c1_0.permission_code,
        c1_0.route,
        c1_0.title,
        c1_0.updated_at,
        c1_0.version,
        c1_0.visible 
    from
        menus c1_0 
    where
        c1_0.parent_id=? 
    order by
        c1_0.order_no
Hibernate: 
    select
        c1_0.parent_id,
        c1_0.id,
        c1_0.active,
        c1_0.created_at,
        c1_0.icon,
        c1_0.module,
        c1_0.order_no,
        c1_0.permission_code,
        c1_0.route,
        c1_0.title,
        c1_0.updated_at,
        c1_0.version,
        c1_0.visible 
    from
        menus c1_0 
    where
        c1_0.parent_id=? 
    order by
        c1_0.order_no
Hibernate: 
    select
        c1_0.parent_id,
        c1_0.id,
        c1_0.active,
        c1_0.created_at,
        c1_0.icon,
        c1_0.module,
        c1_0.order_no,
        c1_0.permission_code,
        c1_0.route,
        c1_0.title,
        c1_0.updated_at,
        c1_0.version,
        c1_0.visible 
    from
        menus c1_0 
    where
        c1_0.parent_id=? 
    order by
        c1_0.order_no
Hibernate: 
    select
        c1_0.parent_id,
        c1_0.id,
        c1_0.active,
        c1_0.created_at,
        c1_0.icon,
        c1_0.module,
        c1_0.order_no,
        c1_0.permission_code,
        c1_0.route,
        c1_0.title,
        c1_0.updated_at,
        c1_0.version,
        c1_0.visible 
    from
        menus c1_0 
    where
        c1_0.parent_id=? 
    order by
        c1_0.order_no
Hibernate: 
    select
        c1_0.parent_id,
        c1_0.id,
        c1_0.active,
        c1_0.created_at,
        c1_0.icon,
        c1_0.module,
        c1_0.order_no,
        c1_0.permission_code,
        c1_0.route,
        c1_0.title,
        c1_0.updated_at,
        c1_0.version,
        c1_0.visible 
    from
        menus c1_0 
    where
        c1_0.parent_id=? 
    order by
        c1_0.order_no
Hibernate: 
    select
        c1_0.parent_id,
        c1_0.id,
        c1_0.active,
        c1_0.created_at,
        c1_0.icon,
        c1_0.module,
        c1_0.order_no,
        c1_0.permission_code,
        c1_0.route,
        c1_0.title,
        c1_0.updated_at,
        c1_0.version,
        c1_0.visible 
    from
        menus c1_0 
    where
        c1_0.parent_id=? 
    order by
        c1_0.order_no
Hibernate: 
    select
        c1_0.parent_id,
        c1_0.id,
        c1_0.active,
        c1_0.created_at,
        c1_0.icon,
        c1_0.module,
        c1_0.order_no,
        c1_0.permission_code,
        c1_0.route,
        c1_0.title,
        c1_0.updated_at,
        c1_0.version,
        c1_0.visible 
    from
        menus c1_0 
    where
        c1_0.parent_id=? 
    order by
        c1_0.order_no
Hibernate: 
    select
        c1_0.parent_id,
        c1_0.id,
        c1_0.active,
        c1_0.created_at,
        c1_0.icon,
        c1_0.module,
        c1_0.order_no,
        c1_0.permission_code,
        c1_0.route,
        c1_0.title,
        c1_0.updated_at,
        c1_0.version,
        c1_0.visible 
    from
        menus c1_0 
    where
        c1_0.parent_id=? 
    order by
        c1_0.order_no
Hibernate: 
    select
        c1_0.parent_id,
        c1_0.id,
        c1_0.active,
        c1_0.created_at,
        c1_0.icon,
        c1_0.module,
        c1_0.order_no,
        c1_0.permission_code,
        c1_0.route,
        c1_0.title,
        c1_0.updated_at,
        c1_0.version,
        c1_0.visible 
    from
        menus c1_0 
    where
        c1_0.parent_id=? 
    order by
        c1_0.order_no
Hibernate: 
    select
        c1_0.parent_id,
        c1_0.id,
        c1_0.active,
        c1_0.created_at,
        c1_0.icon,
        c1_0.module,
        c1_0.order_no,
        c1_0.permission_code,
        c1_0.route,
        c1_0.title,
        c1_0.updated_at,
        c1_0.version,
        c1_0.visible 
    from
        menus c1_0 
    where
        c1_0.parent_id=? 
    order by
        c1_0.order_no
Hibernate: 
    select
        c1_0.parent_id,
        c1_0.id,
        c1_0.active,
        c1_0.created_at,
        c1_0.icon,
        c1_0.module,
        c1_0.order_no,
        c1_0.permission_code,
        c1_0.route,
        c1_0.title,
        c1_0.updated_at,
        c1_0.version,
        c1_0.visible 
    from
        menus c1_0 
    where
        c1_0.parent_id=? 
    order by
        c1_0.order_no
Hibernate: 
    select
        c1_0.parent_id,
        c1_0.id,
        c1_0.active,
        c1_0.created_at,
        c1_0.icon,
        c1_0.module,
        c1_0.order_no,
        c1_0.permission_code,
        c1_0.route,
        c1_0.title,
        c1_0.updated_at,
        c1_0.version,
        c1_0.visible 
    from
        menus c1_0 
    where
        c1_0.parent_id=? 
    order by
        c1_0.order_no
Hibernate: 
    select
        c1_0.parent_id,
        c1_0.id,
        c1_0.active,
        c1_0.created_at,
        c1_0.icon,
        c1_0.module,
        c1_0.order_no,
        c1_0.permission_code,
        c1_0.route,
        c1_0.title,
        c1_0.updated_at,
        c1_0.version,
        c1_0.visible 
    from
        menus c1_0 
    where
        c1_0.parent_id=? 
    order by
        c1_0.order_no
Hibernate: 
    select
        c1_0.parent_id,
        c1_0.id,
        c1_0.active,
        c1_0.created_at,
        c1_0.icon,
        c1_0.module,
        c1_0.order_no,
        c1_0.permission_code,
        c1_0.route,
        c1_0.title,
        c1_0.updated_at,
        c1_0.version,
        c1_0.visible 
    from
        menus c1_0 
    where
        c1_0.parent_id=? 
    order by
        c1_0.order_no
Hibernate: 
    select
        c1_0.parent_id,
        c1_0.id,
        c1_0.active,
        c1_0.created_at,
        c1_0.icon,
        c1_0.module,
        c1_0.order_no,
        c1_0.permission_code,
        c1_0.route,
        c1_0.title,
        c1_0.updated_at,
        c1_0.version,
        c1_0.visible 
    from
        menus c1_0 
    where
        c1_0.parent_id=? 
    order by
        c1_0.order_no
Hibernate: 
    select
        c1_0.parent_id,
        c1_0.id,
        c1_0.active,
        c1_0.created_at,
        c1_0.icon,
        c1_0.module,
        c1_0.order_no,
        c1_0.permission_code,
        c1_0.route,
        c1_0.title,
        c1_0.updated_at,
        c1_0.version,
        c1_0.visible 
    from
        menus c1_0 
    where
        c1_0.parent_id=? 
    order by
        c1_0.order_no
Hibernate: 
    select
        c1_0.parent_id,
        c1_0.id,
        c1_0.active,
        c1_0.created_at,
        c1_0.icon,
        c1_0.module,
        c1_0.order_no,
        c1_0.permission_code,
        c1_0.route,
        c1_0.title,
        c1_0.updated_at,
        c1_0.version,
        c1_0.visible 
    from
        menus c1_0 
    where
        c1_0.parent_id=? 
    order by
        c1_0.order_no
Hibernate: 
    select
        c1_0.parent_id,
        c1_0.id,
        c1_0.active,
        c1_0.created_at,
        c1_0.icon,
        c1_0.module,
        c1_0.order_no,
        c1_0.permission_code,
        c1_0.route,
        c1_0.title,
        c1_0.updated_at,
        c1_0.version,
        c1_0.visible 
    from
        menus c1_0 
    where
        c1_0.parent_id=? 
    order by
        c1_0.order_no
Hibernate: 
    select
        c1_0.parent_id,
        c1_0.id,
        c1_0.active,
        c1_0.created_at,
        c1_0.icon,
        c1_0.module,
        c1_0.order_no,
        c1_0.permission_code,
        c1_0.route,
        c1_0.title,
        c1_0.updated_at,
        c1_0.version,
        c1_0.visible 
    from
        menus c1_0 
    where
        c1_0.parent_id=? 
    order by
        c1_0.order_no
Hibernate: 
    select
        c1_0.parent_id,
        c1_0.id,
        c1_0.active,
        c1_0.created_at,
        c1_0.icon,
        c1_0.module,
        c1_0.order_no,
        c1_0.permission_code,
        c1_0.route,
        c1_0.title,
        c1_0.updated_at,
        c1_0.version,
        c1_0.visible 
    from
        menus c1_0 
    where
        c1_0.parent_id=? 
    order by
        c1_0.order_no
Hibernate: 
    select
        c1_0.parent_id,
        c1_0.id,
        c1_0.active,
        c1_0.created_at,
        c1_0.icon,
        c1_0.module,
        c1_0.order_no,
        c1_0.permission_code,
        c1_0.route,
        c1_0.title,
        c1_0.updated_at,
        c1_0.version,
        c1_0.visible 
    from
        menus c1_0 
    where
        c1_0.parent_id=? 
    order by
        c1_0.order_no
Hibernate: 
    select
        c1_0.parent_id,
        c1_0.id,
        c1_0.active,
        c1_0.created_at,
        c1_0.icon,
        c1_0.module,
        c1_0.order_no,
        c1_0.permission_code,
        c1_0.route,
        c1_0.title,
        c1_0.updated_at,
        c1_0.version,
        c1_0.visible 
    from
        menus c1_0 
    where
        c1_0.parent_id=? 
    order by
        c1_0.order_no
Hibernate: 
    select
        c1_0.parent_id,
        c1_0.id,
        c1_0.active,
        c1_0.created_at,
        c1_0.icon,
        c1_0.module,
        c1_0.order_no,
        c1_0.permission_code,
        c1_0.route,
        c1_0.title,
        c1_0.updated_at,
        c1_0.version,
        c1_0.visible 
    from
        menus c1_0 
    where
        c1_0.parent_id=? 
    order by
        c1_0.order_no
Hibernate: 
    select
        c1_0.parent_id,
        c1_0.id,
        c1_0.active,
        c1_0.created_at,
        c1_0.icon,
        c1_0.module,
        c1_0.order_no,
        c1_0.permission_code,
        c1_0.route,
        c1_0.title,
        c1_0.updated_at,
        c1_0.version,
        c1_0.visible 
    from
        menus c1_0 
    where
        c1_0.parent_id=? 
    order by
        c1_0.order_no
Hibernate: 
    select
        c1_0.parent_id,
        c1_0.id,
        c1_0.active,
        c1_0.created_at,
        c1_0.icon,
        c1_0.module,
        c1_0.order_no,
        c1_0.permission_code,
        c1_0.route,
        c1_0.title,
        c1_0.updated_at,
        c1_0.version,
        c1_0.visible 
    from
        menus c1_0 
    where
        c1_0.parent_id=? 
    order by
        c1_0.order_no
Hibernate: 
    select
        c1_0.parent_id,
        c1_0.id,
        c1_0.active,
        c1_0.created_at,
        c1_0.icon,
        c1_0.module,
        c1_0.order_no,
        c1_0.permission_code,
        c1_0.route,
        c1_0.title,
        c1_0.updated_at,
        c1_0.version,
        c1_0.visible 
    from
        menus c1_0 
    where
        c1_0.parent_id=? 
    order by
        c1_0.order_no
Hibernate: 
    select
        c1_0.parent_id,
        c1_0.id,
        c1_0.active,
        c1_0.created_at,
        c1_0.icon,
        c1_0.module,
        c1_0.order_no,
        c1_0.permission_code,
        c1_0.route,
        c1_0.title,
        c1_0.updated_at,
        c1_0.version,
        c1_0.visible 
    from
        menus c1_0 
    where
        c1_0.parent_id=? 
    order by
        c1_0.order_no
Hibernate: 
    select
        c1_0.parent_id,
        c1_0.id,
        c1_0.active,
        c1_0.created_at,
        c1_0.icon,
        c1_0.module,
        c1_0.order_no,
        c1_0.permission_code,
        c1_0.route,
        c1_0.title,
        c1_0.updated_at,
        c1_0.version,
        c1_0.visible 
    from
        menus c1_0 
    where
        c1_0.parent_id=? 
    order by
        c1_0.order_no
Hibernate: 
    select
        c1_0.parent_id,
        c1_0.id,
        c1_0.active,
        c1_0.created_at,
        c1_0.icon,
        c1_0.module,
        c1_0.order_no,
        c1_0.permission_code,
        c1_0.route,
        c1_0.title,
        c1_0.updated_at,
        c1_0.version,
        c1_0.visible 
    from
        menus c1_0 
    where
        c1_0.parent_id=? 
    order by
        c1_0.order_no
Hibernate: 
    select
        c1_0.parent_id,
        c1_0.id,
        c1_0.active,
        c1_0.created_at,
        c1_0.icon,
        c1_0.module,
        c1_0.order_no,
        c1_0.permission_code,
        c1_0.route,
        c1_0.title,
        c1_0.updated_at,
        c1_0.version,
        c1_0.visible 
    from
        menus c1_0 
    where
        c1_0.parent_id=? 
    order by
        c1_0.order_no
Hibernate: 
    select
        c1_0.parent_id,
        c1_0.id,
        c1_0.active,
        c1_0.created_at,
        c1_0.icon,
        c1_0.module,
        c1_0.order_no,
        c1_0.permission_code,
        c1_0.route,
        c1_0.title,
        c1_0.updated_at,
        c1_0.version,
        c1_0.visible 
    from
        menus c1_0 
    where
        c1_0.parent_id=? 
    order by
        c1_0.order_no
Hibernate: 
    select
        c1_0.parent_id,
        c1_0.id,
        c1_0.active,
        c1_0.created_at,
        c1_0.icon,
        c1_0.module,
        c1_0.order_no,
        c1_0.permission_code,
        c1_0.route,
        c1_0.title,
        c1_0.updated_at,
        c1_0.version,
        c1_0.visible 
    from
        menus c1_0 
    where
        c1_0.parent_id=? 
    order by
        c1_0.order_no
Hibernate: 
    select
        c1_0.parent_id,
        c1_0.id,
        c1_0.active,
        c1_0.created_at,
        c1_0.icon,
        c1_0.module,
        c1_0.order_no,
        c1_0.permission_code,
        c1_0.route,
        c1_0.title,
        c1_0.updated_at,
        c1_0.version,
        c1_0.visible 
    from
        menus c1_0 
    where
        c1_0.parent_id=? 
    order by
        c1_0.order_no
Hibernate: 
    select
        c1_0.parent_id,
        c1_0.id,
        c1_0.active,
        c1_0.created_at,
        c1_0.icon,
        c1_0.module,
        c1_0.order_no,
        c1_0.permission_code,
        c1_0.route,
        c1_0.title,
        c1_0.updated_at,
        c1_0.version,
        c1_0.visible 
    from
        menus c1_0 
    where
        c1_0.parent_id=? 
    order by
        c1_0.order_no
Hibernate: 
    select
        c1_0.parent_id,
        c1_0.id,
        c1_0.active,
        c1_0.created_at,
        c1_0.icon,
        c1_0.module,
        c1_0.order_no,
        c1_0.permission_code,
        c1_0.route,
        c1_0.title,
        c1_0.updated_at,
        c1_0.version,
        c1_0.visible 
    from
        menus c1_0 
    where
        c1_0.parent_id=? 
    order by
        c1_0.order_no
Hibernate: 
    select
        c1_0.parent_id,
        c1_0.id,
        c1_0.active,
        c1_0.created_at,
        c1_0.icon,
        c1_0.module,
        c1_0.order_no,
        c1_0.permission_code,
        c1_0.route,
        c1_0.title,
        c1_0.updated_at,
        c1_0.version,
        c1_0.visible 
    from
        menus c1_0 
    where
        c1_0.parent_id=? 
    order by
        c1_0.order_no
Hibernate: 
    select
        c1_0.parent_id,
        c1_0.id,
        c1_0.active,
        c1_0.created_at,
        c1_0.icon,
        c1_0.module,
        c1_0.order_no,
        c1_0.permission_code,
        c1_0.route,
        c1_0.title,
        c1_0.updated_at,
        c1_0.version,
        c1_0.visible 
    from
        menus c1_0 
    where
        c1_0.parent_id=? 
    order by
        c1_0.order_no
Hibernate: 
    select
        c1_0.parent_id,
        c1_0.id,
        c1_0.active,
        c1_0.created_at,
        c1_0.icon,
        c1_0.module,
        c1_0.order_no,
        c1_0.permission_code,
        c1_0.route,
        c1_0.title,
        c1_0.updated_at,
        c1_0.version,
        c1_0.visible 
    from
        menus c1_0 
    where
        c1_0.parent_id=? 
    order by
        c1_0.order_no
Hibernate: 
    select
        c1_0.parent_id,
        c1_0.id,
        c1_0.active,
        c1_0.created_at,
        c1_0.icon,
        c1_0.module,
        c1_0.order_no,
        c1_0.permission_code,
        c1_0.route,
        c1_0.title,
        c1_0.updated_at,
        c1_0.version,
        c1_0.visible 
    from
        menus c1_0 
    where
        c1_0.parent_id=? 
    order by
        c1_0.order_no
Hibernate: 
    select
        c1_0.parent_id,
        c1_0.id,
        c1_0.active,
        c1_0.created_at,
        c1_0.icon,
        c1_0.module,
        c1_0.order_no,
        c1_0.permission_code,
        c1_0.route,
        c1_0.title,
        c1_0.updated_at,
        c1_0.version,
        c1_0.visible 
    from
        menus c1_0 
    where
        c1_0.parent_id=? 
    order by
        c1_0.order_no
Hibernate: 
    select
        c1_0.parent_id,
        c1_0.id,
        c1_0.active,
        c1_0.created_at,
        c1_0.icon,
        c1_0.module,
        c1_0.order_no,
        c1_0.permission_code,
        c1_0.route,
        c1_0.title,
        c1_0.updated_at,
        c1_0.version,
        c1_0.visible 
    from
        menus c1_0 
    where
        c1_0.parent_id=? 
    order by
        c1_0.order_no
Hibernate: 
    select
        c1_0.parent_id,
        c1_0.id,
        c1_0.active,
        c1_0.created_at,
        c1_0.icon,
        c1_0.module,
        c1_0.order_no,
        c1_0.permission_code,
        c1_0.route,
        c1_0.title,
        c1_0.updated_at,
        c1_0.version,
        c1_0.visible 
    from
        menus c1_0 
    where
        c1_0.parent_id=? 
    order by
        c1_0.order_no
Hibernate: 
    select
        c1_0.parent_id,
        c1_0.id,
        c1_0.active,
        c1_0.created_at,
        c1_0.icon,
        c1_0.module,
        c1_0.order_no,
        c1_0.permission_code,
        c1_0.route,
        c1_0.title,
        c1_0.updated_at,
        c1_0.version,
        c1_0.visible 
    from
        menus c1_0 
    where
        c1_0.parent_id=? 
    order by
        c1_0.order_no
Hibernate: 
    select
        c1_0.parent_id,
        c1_0.id,
        c1_0.active,
        c1_0.created_at,
        c1_0.icon,
        c1_0.module,
        c1_0.order_no,
        c1_0.permission_code,
        c1_0.route,
        c1_0.title,
        c1_0.updated_at,
        c1_0.version,
        c1_0.visible 
    from
        menus c1_0 
    where
        c1_0.parent_id=? 
    order by
        c1_0.order_no
Hibernate: 
    select
        c1_0.parent_id,
        c1_0.id,
        c1_0.active,
        c1_0.created_at,
        c1_0.icon,
        c1_0.module,
        c1_0.order_no,
        c1_0.permission_code,
        c1_0.route,
        c1_0.title,
        c1_0.updated_at,
        c1_0.version,
        c1_0.visible 
    from
        menus c1_0 
    where
        c1_0.parent_id=? 
    order by
        c1_0.order_no
Hibernate: 
    select
        c1_0.parent_id,
        c1_0.id,
        c1_0.active,
        c1_0.created_at,
        c1_0.icon,
        c1_0.module,
        c1_0.order_no,
        c1_0.permission_code,
        c1_0.route,
        c1_0.title,
        c1_0.updated_at,
        c1_0.version,
        c1_0.visible 
    from
        menus c1_0 
    where
        c1_0.parent_id=? 
    order by
        c1_0.order_no
Hibernate: 
    select
        c1_0.parent_id,
        c1_0.id,
        c1_0.active,
        c1_0.created_at,
        c1_0.icon,
        c1_0.module,
        c1_0.order_no,
        c1_0.permission_code,
        c1_0.route,
        c1_0.title,
        c1_0.updated_at,
        c1_0.version,
        c1_0.visible 
    from
        menus c1_0 
    where
        c1_0.parent_id=? 
    order by
        c1_0.order_no
Hibernate: 
    select
        c1_0.parent_id,
        c1_0.id,
        c1_0.active,
        c1_0.created_at,
        c1_0.icon,
        c1_0.module,
        c1_0.order_no,
        c1_0.permission_code,
        c1_0.route,
        c1_0.title,
        c1_0.updated_at,
        c1_0.version,
        c1_0.visible 
    from
        menus c1_0 
    where
        c1_0.parent_id=? 
    order by
        c1_0.order_no
Hibernate: 
    select
        c1_0.parent_id,
        c1_0.id,
        c1_0.active,
        c1_0.created_at,
        c1_0.icon,
        c1_0.module,
        c1_0.order_no,
        c1_0.permission_code,
        c1_0.route,
        c1_0.title,
        c1_0.updated_at,
        c1_0.version,
        c1_0.visible 
    from
        menus c1_0 
    where
        c1_0.parent_id=? 
    order by
        c1_0.order_no
Hibernate: 
    select
        c1_0.parent_id,
        c1_0.id,
        c1_0.active,
        c1_0.created_at,
        c1_0.icon,
        c1_0.module,
        c1_0.order_no,
        c1_0.permission_code,
        c1_0.route,
        c1_0.title,
        c1_0.updated_at,
        c1_0.version,
        c1_0.visible 
    from
        menus c1_0 
    where
        c1_0.parent_id=? 
    order by
        c1_0.order_no
Hibernate: 
    select
        c1_0.parent_id,
        c1_0.id,
        c1_0.active,
        c1_0.created_at,
        c1_0.icon,
        c1_0.module,
        c1_0.order_no,
        c1_0.permission_code,
        c1_0.route,
        c1_0.title,
        c1_0.updated_at,
        c1_0.version,
        c1_0.visible 
    from
        menus c1_0 
    where
        c1_0.parent_id=? 
    order by
        c1_0.order_no
Hibernate: 
    select
        c1_0.parent_id,
        c1_0.id,
        c1_0.active,
        c1_0.created_at,
        c1_0.icon,
        c1_0.module,
        c1_0.order_no,
        c1_0.permission_code,
        c1_0.route,
        c1_0.title,
        c1_0.updated_at,
        c1_0.version,
        c1_0.visible 
    from
        menus c1_0 
    where
        c1_0.parent_id=? 
    order by
        c1_0.order_no
Hibernate: 
    select
        c1_0.parent_id,
        c1_0.id,
        c1_0.active,
        c1_0.created_at,
        c1_0.icon,
        c1_0.module,
        c1_0.order_no,
        c1_0.permission_code,
        c1_0.route,
        c1_0.title,
        c1_0.updated_at,
        c1_0.version,
        c1_0.visible 
    from
        menus c1_0 
    where
        c1_0.parent_id=? 
    order by
        c1_0.order_no
Hibernate: 
    select
        c1_0.parent_id,
        c1_0.id,
        c1_0.active,
        c1_0.created_at,
        c1_0.icon,
        c1_0.module,
        c1_0.order_no,
        c1_0.permission_code,
        c1_0.route,
        c1_0.title,
        c1_0.updated_at,
        c1_0.version,
        c1_0.visible 
    from
        menus c1_0 
    where
        c1_0.parent_id=? 
    order by
        c1_0.order_no
Hibernate: 
    select
        c1_0.parent_id,
        c1_0.id,
        c1_0.active,
        c1_0.created_at,
        c1_0.icon,
        c1_0.module,
        c1_0.order_no,
        c1_0.permission_code,
        c1_0.route,
        c1_0.title,
        c1_0.updated_at,
        c1_0.version,
        c1_0.visible 
    from
        menus c1_0 
    where
        c1_0.parent_id=? 
    order by
        c1_0.order_no
Hibernate: 
    select
        c1_0.parent_id,
        c1_0.id,
        c1_0.active,
        c1_0.created_at,
        c1_0.icon,
        c1_0.module,
        c1_0.order_no,
        c1_0.permission_code,
        c1_0.route,
        c1_0.title,
        c1_0.updated_at,
        c1_0.version,
        c1_0.visible 
    from
        menus c1_0 
    where
        c1_0.parent_id=? 
    order by
        c1_0.order_no
Hibernate: 
    select
        c1_0.parent_id,
        c1_0.id,
        c1_0.active,
        c1_0.created_at,
        c1_0.icon,
        c1_0.module,
        c1_0.order_no,
        c1_0.permission_code,
        c1_0.route,
        c1_0.title,
        c1_0.updated_at,
        c1_0.version,
        c1_0.visible 
    from
        menus c1_0 
    where
        c1_0.parent_id=? 
    order by
        c1_0.order_no
Hibernate: 
    select
        c1_0.parent_id,
        c1_0.id,
        c1_0.active,
        c1_0.created_at,
        c1_0.icon,
        c1_0.module,
        c1_0.order_no,
        c1_0.permission_code,
        c1_0.route,
        c1_0.title,
        c1_0.updated_at,
        c1_0.version,
        c1_0.visible 
    from
        menus c1_0 
    where
        c1_0.parent_id=? 
    order by
        c1_0.order_no
Hibernate: 
    select
        c1_0.parent_id,
        c1_0.id,
        c1_0.active,
        c1_0.created_at,
        c1_0.icon,
        c1_0.module,
        c1_0.order_no,
        c1_0.permission_code,
        c1_0.route,
        c1_0.title,
        c1_0.updated_at,
        c1_0.version,
        c1_0.visible 
    from
        menus c1_0 
    where
        c1_0.parent_id=? 
    order by
        c1_0.order_no
Hibernate: 
    select
        c1_0.parent_id,
        c1_0.id,
        c1_0.active,
        c1_0.created_at,
        c1_0.icon,
        c1_0.module,
        c1_0.order_no,
        c1_0.permission_code,
        c1_0.route,
        c1_0.title,
        c1_0.updated_at,
        c1_0.version,
        c1_0.visible 
    from
        menus c1_0 
    where
        c1_0.parent_id=? 
    order by
        c1_0.order_no
Hibernate: 
    select
        c1_0.parent_id,
        c1_0.id,
        c1_0.active,
        c1_0.created_at,
        c1_0.icon,
        c1_0.module,
        c1_0.order_no,
        c1_0.permission_code,
        c1_0.route,
        c1_0.title,
        c1_0.updated_at,
        c1_0.version,
        c1_0.visible 
    from
        menus c1_0 
    where
        c1_0.parent_id=? 
    order by
        c1_0.order_no
Hibernate: 
    select
        c1_0.parent_id,
        c1_0.id,
        c1_0.active,
        c1_0.created_at,
        c1_0.icon,
        c1_0.module,
        c1_0.order_no,
        c1_0.permission_code,
        c1_0.route,
        c1_0.title,
        c1_0.updated_at,
        c1_0.version,
        c1_0.visible 
    from
        menus c1_0 
    where
        c1_0.parent_id=? 
    order by
        c1_0.order_no
Hibernate: 
    select
        c1_0.parent_id,
        c1_0.id,
        c1_0.active,
        c1_0.created_at,
        c1_0.icon,
        c1_0.module,
        c1_0.order_no,
        c1_0.permission_code,
        c1_0.route,
        c1_0.title,
        c1_0.updated_at,
        c1_0.version,
        c1_0.visible 
    from
        menus c1_0 
    where
        c1_0.parent_id=? 
    order by
        c1_0.order_no
Hibernate: 
    select
        c1_0.parent_id,
        c1_0.id,
        c1_0.active,
        c1_0.created_at,
        c1_0.icon,
        c1_0.module,
        c1_0.order_no,
        c1_0.permission_code,
        c1_0.route,
        c1_0.title,
        c1_0.updated_at,
        c1_0.version,
        c1_0.visible 
    from
        menus c1_0 
    where
        c1_0.parent_id=? 
    order by
        c1_0.order_no
Hibernate: 
    select
        c1_0.parent_id,
        c1_0.id,
        c1_0.active,
        c1_0.created_at,
        c1_0.icon,
        c1_0.module,
        c1_0.order_no,
        c1_0.permission_code,
        c1_0.route,
        c1_0.title,
        c1_0.updated_at,
        c1_0.version,
        c1_0.visible 
    from
        menus c1_0 
    where
        c1_0.parent_id=? 
    order by
        c1_0.order_no
Hibernate: 
    select
        c1_0.parent_id,
        c1_0.id,
        c1_0.active,
        c1_0.created_at,
        c1_0.icon,
        c1_0.module,
        c1_0.order_no,
        c1_0.permission_code,
        c1_0.route,
        c1_0.title,
        c1_0.updated_at,
        c1_0.version,
        c1_0.visible 
    from
        menus c1_0 
    where
        c1_0.parent_id=? 
    order by
        c1_0.order_no
Hibernate: 
    select
        c1_0.parent_id,
        c1_0.id,
        c1_0.active,
        c1_0.created_at,
        c1_0.icon,
        c1_0.module,
        c1_0.order_no,
        c1_0.permission_code,
        c1_0.route,
        c1_0.title,
        c1_0.updated_at,
        c1_0.version,
        c1_0.visible 
    from
        menus c1_0 
    where
        c1_0.parent_id=? 
    order by
        c1_0.order_no
Hibernate: 
    select
        c1_0.parent_id,
        c1_0.id,
        c1_0.active,
        c1_0.created_at,
        c1_0.icon,
        c1_0.module,
        c1_0.order_no,
        c1_0.permission_code,
        c1_0.route,
        c1_0.title,
        c1_0.updated_at,
        c1_0.version,
        c1_0.visible 
    from
        menus c1_0 
    where
        c1_0.parent_id=? 
    order by
        c1_0.order_no
Hibernate: 
    select
        c1_0.parent_id,
        c1_0.id,
        c1_0.active,
        c1_0.created_at,
        c1_0.icon,
        c1_0.module,
        c1_0.order_no,
        c1_0.permission_code,
        c1_0.route,
        c1_0.title,
        c1_0.updated_at,
        c1_0.version,
        c1_0.visible 
    from
        menus c1_0 
    where
        c1_0.parent_id=? 
    order by
        c1_0.order_no
Hibernate: 
    select
        c1_0.parent_id,
        c1_0.id,
        c1_0.active,
        c1_0.created_at,
        c1_0.icon,
        c1_0.module,
        c1_0.order_no,
        c1_0.permission_code,
        c1_0.route,
        c1_0.title,
        c1_0.updated_at,
        c1_0.version,
        c1_0.visible 
    from
        menus c1_0 
    where
        c1_0.parent_id=? 
    order by
        c1_0.order_no
Hibernate: 
    select
        c1_0.parent_id,
        c1_0.id,
        c1_0.active,
        c1_0.created_at,
        c1_0.icon,
        c1_0.module,
        c1_0.order_no,
        c1_0.permission_code,
        c1_0.route,
        c1_0.title,
        c1_0.updated_at,
        c1_0.version,
        c1_0.visible 
    from
        menus c1_0 
    where
        c1_0.parent_id=? 
    order by
        c1_0.order_no
Hibernate: 
    select
        c1_0.parent_id,
        c1_0.id,
        c1_0.active,
        c1_0.created_at,
        c1_0.icon,
        c1_0.module,
        c1_0.order_no,
        c1_0.permission_code,
        c1_0.route,
        c1_0.title,
        c1_0.updated_at,
        c1_0.version,
        c1_0.visible 
    from
        menus c1_0 
    where
        c1_0.parent_id=? 
    order by
        c1_0.order_no
Hibernate: 
    select
        c1_0.parent_id,
        c1_0.id,
        c1_0.active,
        c1_0.created_at,
        c1_0.icon,
        c1_0.module,
        c1_0.order_no,
        c1_0.permission_code,
        c1_0.route,
        c1_0.title,
        c1_0.updated_at,
        c1_0.version,
        c1_0.visible 
    from
        menus c1_0 
    where
        c1_0.parent_id=? 
    order by
        c1_0.order_no
Hibernate: 
    select
        c1_0.parent_id,
        c1_0.id,
        c1_0.active,
        c1_0.created_at,
        c1_0.icon,
        c1_0.module,
        c1_0.order_no,
        c1_0.permission_code,
        c1_0.route,
        c1_0.title,
        c1_0.updated_at,
        c1_0.version,
        c1_0.visible 
    from
        menus c1_0 
    where
        c1_0.parent_id=? 
    order by
        c1_0.order_no
Hibernate: 
    select
        c1_0.parent_id,
        c1_0.id,
        c1_0.active,
        c1_0.created_at,
        c1_0.icon,
        c1_0.module,
        c1_0.order_no,
        c1_0.permission_code,
        c1_0.route,
        c1_0.title,
        c1_0.updated_at,
        c1_0.version,
        c1_0.visible 
    from
        menus c1_0 
    where
        c1_0.parent_id=? 
    order by
        c1_0.order_no
Hibernate: 
    select
        c1_0.parent_id,
        c1_0.id,
        c1_0.active,
        c1_0.created_at,
        c1_0.icon,
        c1_0.module,
        c1_0.order_no,
        c1_0.permission_code,
        c1_0.route,
        c1_0.title,
        c1_0.updated_at,
        c1_0.version,
        c1_0.visible 
    from
        menus c1_0 
    where
        c1_0.parent_id=? 
    order by
        c1_0.order_no
Hibernate: 
    select
        c1_0.parent_id,
        c1_0.id,
        c1_0.active,
        c1_0.created_at,
        c1_0.icon,
        c1_0.module,
        c1_0.order_no,
        c1_0.permission_code,
        c1_0.route,
        c1_0.title,
        c1_0.updated_at,
        c1_0.version,
        c1_0.visible 
    from
        menus c1_0 
    where
        c1_0.parent_id=? 
    order by
        c1_0.order_no
Hibernate: 
    select
        c1_0.parent_id,
        c1_0.id,
        c1_0.active,
        c1_0.created_at,
        c1_0.icon,
        c1_0.module,
        c1_0.order_no,
        c1_0.permission_code,
        c1_0.route,
        c1_0.title,
        c1_0.updated_at,
        c1_0.version,
        c1_0.visible 
    from
        menus c1_0 
    where
        c1_0.parent_id=? 
    order by
        c1_0.order_no
Hibernate: 
    select
        c1_0.parent_id,
        c1_0.id,
        c1_0.active,
        c1_0.created_at,
        c1_0.icon,
        c1_0.module,
        c1_0.order_no,
        c1_0.permission_code,
        c1_0.route,
        c1_0.title,
        c1_0.updated_at,
        c1_0.version,
        c1_0.visible 
    from
        menus c1_0 
    where
        c1_0.parent_id=? 
    order by
        c1_0.order_no
Hibernate: 
    select
        c1_0.parent_id,
        c1_0.id,
        c1_0.active,
        c1_0.created_at,
        c1_0.icon,
        c1_0.module,
        c1_0.order_no,
        c1_0.permission_code,
        c1_0.route,
        c1_0.title,
        c1_0.updated_at,
        c1_0.version,
        c1_0.visible 
    from
        menus c1_0 
    where
        c1_0.parent_id=? 
    order by
        c1_0.order_no
Hibernate: 
    select
        c1_0.parent_id,
        c1_0.id,
        c1_0.active,
        c1_0.created_at,
        c1_0.icon,
        c1_0.module,
        c1_0.order_no,
        c1_0.permission_code,
        c1_0.route,
        c1_0.title,
        c1_0.updated_at,
        c1_0.version,
        c1_0.visible 
    from
        menus c1_0 
    where
        c1_0.parent_id=? 
    order by
        c1_0.order_no
Hibernate: 
    select
        c1_0.parent_id,
        c1_0.id,
        c1_0.active,
        c1_0.created_at,
        c1_0.icon,
        c1_0.module,
        c1_0.order_no,
        c1_0.permission_code,
        c1_0.route,
        c1_0.title,
        c1_0.updated_at,
        c1_0.version,
        c1_0.visible 
    from
        menus c1_0 
    where
        c1_0.parent_id=? 
    order by
        c1_0.order_no
Hibernate: 
    select
        c1_0.parent_id,
        c1_0.id,
        c1_0.active,
        c1_0.created_at,
        c1_0.icon,
        c1_0.module,
        c1_0.order_no,
        c1_0.permission_code,
        c1_0.route,
        c1_0.title,
        c1_0.updated_at,
        c1_0.version,
        c1_0.visible 
    from
        menus c1_0 
    where
        c1_0.parent_id=? 
    order by
        c1_0.order_no
Hibernate: 
    select
        c1_0.parent_id,
        c1_0.id,
        c1_0.active,
        c1_0.created_at,
        c1_0.icon,
        c1_0.module,
        c1_0.order_no,
        c1_0.permission_code,
        c1_0.route,
        c1_0.title,
        c1_0.updated_at,
        c1_0.version,
        c1_0.visible 
    from
        menus c1_0 
    where
        c1_0.parent_id=? 
    order by
        c1_0.order_no
Hibernate: 
    select
        c1_0.parent_id,
        c1_0.id,
        c1_0.active,
        c1_0.created_at,
        c1_0.icon,
        c1_0.module,
        c1_0.order_no,
        c1_0.permission_code,
        c1_0.route,
        c1_0.title,
        c1_0.updated_at,
        c1_0.version,
        c1_0.visible 
    from
        menus c1_0 
    where
        c1_0.parent_id=? 
    order by
        c1_0.order_no
Hibernate: 
    select
        c1_0.parent_id,
        c1_0.id,
        c1_0.active,
        c1_0.created_at,
        c1_0.icon,
        c1_0.module,
        c1_0.order_no,
        c1_0.permission_code,
        c1_0.route,
        c1_0.title,
        c1_0.updated_at,
        c1_0.version,
        c1_0.visible 
    from
        menus c1_0 
    where
        c1_0.parent_id=? 
    order by
        c1_0.order_no
Hibernate: 
    select
        c1_0.parent_id,
        c1_0.id,
        c1_0.active,
        c1_0.created_at,
        c1_0.icon,
        c1_0.module,
        c1_0.order_no,
        c1_0.permission_code,
        c1_0.route,
        c1_0.title,
        c1_0.updated_at,
        c1_0.version,
        c1_0.visible 
    from
        menus c1_0 
    where
        c1_0.parent_id=? 
    order by
        c1_0.order_no
Hibernate: 
    select
        c1_0.parent_id,
        c1_0.id,
        c1_0.active,
        c1_0.created_at,
        c1_0.icon,
        c1_0.module,
        c1_0.order_no,
        c1_0.permission_code,
        c1_0.route,
        c1_0.title,
        c1_0.updated_at,
        c1_0.version,
        c1_0.visible 
    from
        menus c1_0 
    where
        c1_0.parent_id=? 
    order by
        c1_0.order_no
Hibernate: 
    select
        c1_0.parent_id,
        c1_0.id,
        c1_0.active,
        c1_0.created_at,
        c1_0.icon,
        c1_0.module,
        c1_0.order_no,
        c1_0.permission_code,
        c1_0.route,
        c1_0.title,
        c1_0.updated_at,
        c1_0.version,
        c1_0.visible 
    from
        menus c1_0 
    where
        c1_0.parent_id=? 
    order by
        c1_0.order_no
Hibernate: 
    select
        c1_0.parent_id,
        c1_0.id,
        c1_0.active,
        c1_0.created_at,
        c1_0.icon,
        c1_0.module,
        c1_0.order_no,
        c1_0.permission_code,
        c1_0.route,
        c1_0.title,
        c1_0.updated_at,
        c1_0.version,
        c1_0.visible 
    from
        menus c1_0 
    where
        c1_0.parent_id=? 
    order by
        c1_0.order_no
Hibernate: 
    select
        c1_0.parent_id,
        c1_0.id,
        c1_0.active,
        c1_0.created_at,
        c1_0.icon,
        c1_0.module,
        c1_0.order_no,
        c1_0.permission_code,
        c1_0.route,
        c1_0.title,
        c1_0.updated_at,
        c1_0.version,
        c1_0.visible 
    from
        menus c1_0 
    where
        c1_0.parent_id=? 
    order by
        c1_0.order_no
Hibernate: 
    select
        c1_0.parent_id,
        c1_0.id,
        c1_0.active,
        c1_0.created_at,
        c1_0.icon,
        c1_0.module,
        c1_0.order_no,
        c1_0.permission_code,
        c1_0.route,
        c1_0.title,
        c1_0.updated_at,
        c1_0.version,
        c1_0.visible 
    from
        menus c1_0 
    where
        c1_0.parent_id=? 
    order by
        c1_0.order_no
Hibernate: 
    select
        c1_0.parent_id,
        c1_0.id,
        c1_0.active,
        c1_0.created_at,
        c1_0.icon,
        c1_0.module,
        c1_0.order_no,
        c1_0.permission_code,
        c1_0.route,
        c1_0.title,
        c1_0.updated_at,
        c1_0.version,
        c1_0.visible 
    from
        menus c1_0 
    where
        c1_0.parent_id=? 
    order by
        c1_0.order_no
Hibernate: 
    select
        c1_0.parent_id,
        c1_0.id,
        c1_0.active,
        c1_0.created_at,
        c1_0.icon,
        c1_0.module,
        c1_0.order_no,
        c1_0.permission_code,
        c1_0.route,
        c1_0.title,
        c1_0.updated_at,
        c1_0.version,
        c1_0.visible 
    from
        menus c1_0 
    where
        c1_0.parent_id=? 
    order by
        c1_0.order_no
Hibernate: 
    select
        c1_0.parent_id,
        c1_0.id,
        c1_0.active,
        c1_0.created_at,
        c1_0.icon,
        c1_0.module,
        c1_0.order_no,
        c1_0.permission_code,
        c1_0.route,
        c1_0.title,
        c1_0.updated_at,
        c1_0.version,
        c1_0.visible 
    from
        menus c1_0 
    where
        c1_0.parent_id=? 
    order by
        c1_0.order_no
Hibernate: 
    select
        c1_0.parent_id,
        c1_0.id,
        c1_0.active,
        c1_0.created_at,
        c1_0.icon,
        c1_0.module,
        c1_0.order_no,
        c1_0.permission_code,
        c1_0.route,
        c1_0.title,
        c1_0.updated_at,
        c1_0.version,
        c1_0.visible 
    from
        menus c1_0 
    where
        c1_0.parent_id=? 
    order by
        c1_0.order_no
Hibernate: 
    select
        c1_0.parent_id,
        c1_0.id,
        c1_0.active,
        c1_0.created_at,
        c1_0.icon,
        c1_0.module,
        c1_0.order_no,
        c1_0.permission_code,
        c1_0.route,
        c1_0.title,
        c1_0.updated_at,
        c1_0.version,
        c1_0.visible 
    from
        menus c1_0 
    where
        c1_0.parent_id=? 
    order by
        c1_0.order_no
Hibernate: 
    select
        c1_0.parent_id,
        c1_0.id,
        c1_0.active,
        c1_0.created_at,
        c1_0.icon,
        c1_0.module,
        c1_0.order_no,
        c1_0.permission_code,
        c1_0.route,
        c1_0.title,
        c1_0.updated_at,
        c1_0.version,
        c1_0.visible 
    from
        menus c1_0 
    where
        c1_0.parent_id=? 
    order by
        c1_0.order_no
Hibernate: 
    select
        c1_0.parent_id,
        c1_0.id,
        c1_0.active,
        c1_0.created_at,
        c1_0.icon,
        c1_0.module,
        c1_0.order_no,
        c1_0.permission_code,
        c1_0.route,
        c1_0.title,
        c1_0.updated_at,
        c1_0.version,
        c1_0.visible 
    from
        menus c1_0 
    where
        c1_0.parent_id=? 
    order by
        c1_0.order_no
Hibernate: 
    select
        c1_0.parent_id,
        c1_0.id,
        c1_0.active,
        c1_0.created_at,
        c1_0.icon,
        c1_0.module,
        c1_0.order_no,
        c1_0.permission_code,
        c1_0.route,
        c1_0.title,
        c1_0.updated_at,
        c1_0.version,
        c1_0.visible 
    from
        menus c1_0 
    where
        c1_0.parent_id=? 
    order by
        c1_0.order_no
Hibernate: 
    select
        c1_0.parent_id,
        c1_0.id,
        c1_0.active,
        c1_0.created_at,
        c1_0.icon,
        c1_0.module,
        c1_0.order_no,
        c1_0.permission_code,
        c1_0.route,
        c1_0.title,
        c1_0.updated_at,
        c1_0.version,
        c1_0.visible 
    from
        menus c1_0 
    where
        c1_0.parent_id=? 
    order by
        c1_0.order_no
Hibernate: 
    select
        c1_0.parent_id,
        c1_0.id,
        c1_0.active,
        c1_0.created_at,
        c1_0.icon,
        c1_0.module,
        c1_0.order_no,
        c1_0.permission_code,
        c1_0.route,
        c1_0.title,
        c1_0.updated_at,
        c1_0.version,
        c1_0.visible 
    from
        menus c1_0 
    where
        c1_0.parent_id=? 
    order by
        c1_0.order_no
Hibernate: 
    select
        c1_0.parent_id,
        c1_0.id,
        c1_0.active,
        c1_0.created_at,
        c1_0.icon,
        c1_0.module,
        c1_0.order_no,
        c1_0.permission_code,
        c1_0.route,
        c1_0.title,
        c1_0.updated_at,
        c1_0.version,
        c1_0.visible 
    from
        menus c1_0 
    where
        c1_0.parent_id=? 
    order by
        c1_0.order_no
Hibernate: 
    select
        c1_0.parent_id,
        c1_0.id,
        c1_0.active,
        c1_0.created_at,
        c1_0.icon,
        c1_0.module,
        c1_0.order_no,
        c1_0.permission_code,
        c1_0.route,
        c1_0.title,
        c1_0.updated_at,
        c1_0.version,
        c1_0.visible 
    from
        menus c1_0 
    where
        c1_0.parent_id=? 
    order by
        c1_0.order_no
Hibernate: 
    select
        c1_0.parent_id,
        c1_0.id,
        c1_0.active,
        c1_0.created_at,
        c1_0.icon,
        c1_0.module,
        c1_0.order_no,
        c1_0.permission_code,
        c1_0.route,
        c1_0.title,
        c1_0.updated_at,
        c1_0.version,
        c1_0.visible 
    from
        menus c1_0 
    where
        c1_0.parent_id=? 
    order by
        c1_0.order_no
Hibernate: 
    select
        c1_0.parent_id,
        c1_0.id,
        c1_0.active,
        c1_0.created_at,
        c1_0.icon,
        c1_0.module,
        c1_0.order_no,
        c1_0.permission_code,
        c1_0.route,
        c1_0.title,
        c1_0.updated_at,
        c1_0.version,
        c1_0.visible 
    from
        menus c1_0 
    where
        c1_0.parent_id=? 
    order by
        c1_0.order_no
Hibernate: 
    select
        c1_0.parent_id,
        c1_0.id,
        c1_0.active,
        c1_0.created_at,
        c1_0.icon,
        c1_0.module,
        c1_0.order_no,
        c1_0.permission_code,
        c1_0.route,
        c1_0.title,
        c1_0.updated_at,
        c1_0.version,
        c1_0.visible 
    from
        menus c1_0 
    where
        c1_0.parent_id=? 
    order by
        c1_0.order_no
Hibernate: 
    select
        c1_0.parent_id,
        c1_0.id,
        c1_0.active,
        c1_0.created_at,
        c1_0.icon,
        c1_0.module,
        c1_0.order_no,
        c1_0.permission_code,
        c1_0.route,
        c1_0.title,
        c1_0.updated_at,
        c1_0.version,
        c1_0.visible 
    from
        menus c1_0 
    where
        c1_0.parent_id=? 
    order by
        c1_0.order_no
Hibernate: 
    select
        c1_0.parent_id,
        c1_0.id,
        c1_0.active,
        c1_0.created_at,
        c1_0.icon,
        c1_0.module,
        c1_0.order_no,
        c1_0.permission_code,
        c1_0.route,
        c1_0.title,
        c1_0.updated_at,
        c1_0.version,
        c1_0.visible 
    from
        menus c1_0 
    where
        c1_0.parent_id=? 
    order by
        c1_0.order_no
Hibernate: 
    select
        c1_0.parent_id,
        c1_0.id,
        c1_0.active,
        c1_0.created_at,
        c1_0.icon,
        c1_0.module,
        c1_0.order_no,
        c1_0.permission_code,
        c1_0.route,
        c1_0.title,
        c1_0.updated_at,
        c1_0.version,
        c1_0.visible 
    from
        menus c1_0 
    where
        c1_0.parent_id=? 
    order by
        c1_0.order_no
Hibernate: 
    select
        c1_0.parent_id,
        c1_0.id,
        c1_0.active,
        c1_0.created_at,
        c1_0.icon,
        c1_0.module,
        c1_0.order_no,
        c1_0.permission_code,
        c1_0.route,
        c1_0.title,
        c1_0.updated_at,
        c1_0.version,
        c1_0.visible 
    from
        menus c1_0 
    where
        c1_0.parent_id=? 
    order by
        c1_0.order_no
Hibernate: 
    select
        c1_0.parent_id,
        c1_0.id,
        c1_0.active,
        c1_0.created_at,
        c1_0.icon,
        c1_0.module,
        c1_0.order_no,
        c1_0.permission_code,
        c1_0.route,
        c1_0.title,
        c1_0.updated_at,
        c1_0.version,
        c1_0.visible 
    from
        menus c1_0 
    where
        c1_0.parent_id=? 
    order by
        c1_0.order_no
Hibernate: 
    select
        c1_0.parent_id,
        c1_0.id,
        c1_0.active,
        c1_0.created_at,
        c1_0.icon,
        c1_0.module,
        c1_0.order_no,
        c1_0.permission_code,
        c1_0.route,
        c1_0.title,
        c1_0.updated_at,
        c1_0.version,
        c1_0.visible 
    from
        menus c1_0 
    where
        c1_0.parent_id=? 
    order by
        c1_0.order_no
Hibernate: 
    select
        c1_0.parent_id,
        c1_0.id,
        c1_0.active,
        c1_0.created_at,
        c1_0.icon,
        c1_0.module,
        c1_0.order_no,
        c1_0.permission_code,
        c1_0.route,
        c1_0.title,
        c1_0.updated_at,
        c1_0.version,
        c1_0.visible 
    from
        menus c1_0 
    where
        c1_0.parent_id=? 
    order by
        c1_0.order_no
Hibernate: 
    select
        c1_0.parent_id,
        c1_0.id,
        c1_0.active,
        c1_0.created_at,
        c1_0.icon,
        c1_0.module,
        c1_0.order_no,
        c1_0.permission_code,
        c1_0.route,
        c1_0.title,
        c1_0.updated_at,
        c1_0.version,
        c1_0.visible 
    from
        menus c1_0 
    where
        c1_0.parent_id=? 
    order by
        c1_0.order_no
Hibernate: 
    select
        c1_0.parent_id,
        c1_0.id,
        c1_0.active,
        c1_0.created_at,
        c1_0.icon,
        c1_0.module,
        c1_0.order_no,
        c1_0.permission_code,
        c1_0.route,
        c1_0.title,
        c1_0.updated_at,
        c1_0.version,
        c1_0.visible 
    from
        menus c1_0 
    where
        c1_0.parent_id=? 
    order by
        c1_0.order_no
Hibernate: 
    select
        c1_0.parent_id,
        c1_0.id,
        c1_0.active,
        c1_0.created_at,
        c1_0.icon,
        c1_0.module,
        c1_0.order_no,
        c1_0.permission_code,
        c1_0.route,
        c1_0.title,
        c1_0.updated_at,
        c1_0.version,
        c1_0.visible 
    from
        menus c1_0 
    where
        c1_0.parent_id=? 
    order by
        c1_0.order_no
Hibernate: 
    select
        c1_0.parent_id,
        c1_0.id,
        c1_0.active,
        c1_0.created_at,
        c1_0.icon,
        c1_0.module,
        c1_0.order_no,
        c1_0.permission_code,
        c1_0.route,
        c1_0.title,
        c1_0.updated_at,
        c1_0.version,
        c1_0.visible 
    from
        menus c1_0 
    where
        c1_0.parent_id=? 
    order by
        c1_0.order_no
Hibernate: 
    select
        c1_0.parent_id,
        c1_0.id,
        c1_0.active,
        c1_0.created_at,
        c1_0.icon,
        c1_0.module,
        c1_0.order_no,
        c1_0.permission_code,
        c1_0.route,
        c1_0.title,
        c1_0.updated_at,
        c1_0.version,
        c1_0.visible 
    from
        menus c1_0 
    where
        c1_0.parent_id=? 
    order by
        c1_0.order_no
Hibernate: 
    select
        c1_0.parent_id,
        c1_0.id,
        c1_0.active,
        c1_0.created_at,
        c1_0.icon,
        c1_0.module,
        c1_0.order_no,
        c1_0.permission_code,
        c1_0.route,
        c1_0.title,
        c1_0.updated_at,
        c1_0.version,
        c1_0.visible 
    from
        menus c1_0 
    where
        c1_0.parent_id=? 
    order by
        c1_0.order_no
Hibernate: 
    select
        c1_0.parent_id,
        c1_0.id,
        c1_0.active,
        c1_0.created_at,
        c1_0.icon,
        c1_0.module,
        c1_0.order_no,
        c1_0.permission_code,
        c1_0.route,
        c1_0.title,
        c1_0.updated_at,
        c1_0.version,
        c1_0.visible 
    from
        menus c1_0 
    where
        c1_0.parent_id=? 
    order by
        c1_0.order_no
Hibernate: 
    select
        c1_0.parent_id,
        c1_0.id,
        c1_0.active,
        c1_0.created_at,
        c1_0.icon,
        c1_0.module,
        c1_0.order_no,
        c1_0.permission_code,
        c1_0.route,
        c1_0.title,
        c1_0.updated_at,
        c1_0.version,
        c1_0.visible 
    from
        menus c1_0 
    where
        c1_0.parent_id=? 
    order by
        c1_0.order_no
Hibernate: 
    select
        c1_0.parent_id,
        c1_0.id,
        c1_0.active,
        c1_0.created_at,
        c1_0.icon,
        c1_0.module,
        c1_0.order_no,
        c1_0.permission_code,
        c1_0.route,
        c1_0.title,
        c1_0.updated_at,
        c1_0.version,
        c1_0.visible 
    from
        menus c1_0 
    where
        c1_0.parent_id=? 
    order by
        c1_0.order_no
Hibernate: 
    select
        c1_0.parent_id,
        c1_0.id,
        c1_0.active,
        c1_0.created_at,
        c1_0.icon,
        c1_0.module,
        c1_0.order_no,
        c1_0.permission_code,
        c1_0.route,
        c1_0.title,
        c1_0.updated_at,
        c1_0.version,
        c1_0.visible 
    from
        menus c1_0 
    where
        c1_0.parent_id=? 
    order by
        c1_0.order_no
Hibernate: 
    select
        c1_0.parent_id,
        c1_0.id,
        c1_0.active,
        c1_0.created_at,
        c1_0.icon,
        c1_0.module,
        c1_0.order_no,
        c1_0.permission_code,
        c1_0.route,
        c1_0.title,
        c1_0.updated_at,
        c1_0.version,
        c1_0.visible 
    from
        menus c1_0 
    where
        c1_0.parent_id=? 
    order by
        c1_0.order_no
Hibernate: 
    select
        c1_0.parent_id,
        c1_0.id,
        c1_0.active,
        c1_0.created_at,
        c1_0.icon,
        c1_0.module,
        c1_0.order_no,
        c1_0.permission_code,
        c1_0.route,
        c1_0.title,
        c1_0.updated_at,
        c1_0.version,
        c1_0.visible 
    from
        menus c1_0 
    where
        c1_0.parent_id=? 
    order by
        c1_0.order_no
Hibernate: 
    select
        c1_0.parent_id,
        c1_0.id,
        c1_0.active,
        c1_0.created_at,
        c1_0.icon,
        c1_0.module,
        c1_0.order_no,
        c1_0.permission_code,
        c1_0.route,
        c1_0.title,
        c1_0.updated_at,
        c1_0.version,
        c1_0.visible 
    from
        menus c1_0 
    where
        c1_0.parent_id=? 
    order by
        c1_0.order_no
Hibernate: 
    select
        c1_0.parent_id,
        c1_0.id,
        c1_0.active,
        c1_0.created_at,
        c1_0.icon,
        c1_0.module,
        c1_0.order_no,
        c1_0.permission_code,
        c1_0.route,
        c1_0.title,
        c1_0.updated_at,
        c1_0.version,
        c1_0.visible 
    from
        menus c1_0 
    where
        c1_0.parent_id=? 
    order by
        c1_0.order_no
Hibernate: 
    select
        c1_0.parent_id,
        c1_0.id,
        c1_0.active,
        c1_0.created_at,
        c1_0.icon,
        c1_0.module,
        c1_0.order_no,
        c1_0.permission_code,
        c1_0.route,
        c1_0.title,
        c1_0.updated_at,
        c1_0.version,
        c1_0.visible 
    from
        menus c1_0 
    where
        c1_0.parent_id=? 
    order by
        c1_0.order_no
Hibernate: 
    select
        c1_0.parent_id,
        c1_0.id,
        c1_0.active,
        c1_0.created_at,
        c1_0.icon,
        c1_0.module,
        c1_0.order_no,
        c1_0.permission_code,
        c1_0.route,
        c1_0.title,
        c1_0.updated_at,
        c1_0.version,
        c1_0.visible 
    from
        menus c1_0 
    where
        c1_0.parent_id=? 
    order by
        c1_0.order_no
Hibernate: 
    select
        c1_0.parent_id,
        c1_0.id,
        c1_0.active,
        c1_0.created_at,
        c1_0.icon,
        c1_0.module,
        c1_0.order_no,
        c1_0.permission_code,
        c1_0.route,
        c1_0.title,
        c1_0.updated_at,
        c1_0.version,
        c1_0.visible 
    from
        menus c1_0 
    where
        c1_0.parent_id=? 
    order by
        c1_0.order_no
Hibernate: 
    select
        c1_0.parent_id,
        c1_0.id,
        c1_0.active,
        c1_0.created_at,
        c1_0.icon,
        c1_0.module,
        c1_0.order_no,
        c1_0.permission_code,
        c1_0.route,
        c1_0.title,
        c1_0.updated_at,
        c1_0.version,
        c1_0.visible 
    from
        menus c1_0 
    where
        c1_0.parent_id=? 
    order by
        c1_0.order_no
Hibernate: 
    select
        c1_0.parent_id,
        c1_0.id,
        c1_0.active,
        c1_0.created_at,
        c1_0.icon,
        c1_0.module,
        c1_0.order_no,
        c1_0.permission_code,
        c1_0.route,
        c1_0.title,
        c1_0.updated_at,
        c1_0.version,
        c1_0.visible 
    from
        menus c1_0 
    where
        c1_0.parent_id=? 
    order by
        c1_0.order_no
Hibernate: 
    select
        c1_0.parent_id,
        c1_0.id,
        c1_0.active,
        c1_0.created_at,
        c1_0.icon,
        c1_0.module,
        c1_0.order_no,
        c1_0.permission_code,
        c1_0.route,
        c1_0.title,
        c1_0.updated_at,
        c1_0.version,
        c1_0.visible 
    from
        menus c1_0 
    where
        c1_0.parent_id=? 
    order by
        c1_0.order_no
Hibernate: 
    select
        c1_0.parent_id,
        c1_0.id,
        c1_0.active,
        c1_0.created_at,
        c1_0.icon,
        c1_0.module,
        c1_0.order_no,
        c1_0.permission_code,
        c1_0.route,
        c1_0.title,
        c1_0.updated_at,
        c1_0.version,
        c1_0.visible 
    from
        menus c1_0 
    where
        c1_0.parent_id=? 
    order by
        c1_0.order_no
Hibernate: 
    select
        c1_0.parent_id,
        c1_0.id,
        c1_0.active,
        c1_0.created_at,
        c1_0.icon,
        c1_0.module,
        c1_0.order_no,
        c1_0.permission_code,
        c1_0.route,
        c1_0.title,
        c1_0.updated_at,
        c1_0.version,
        c1_0.visible 
    from
        menus c1_0 
    where
        c1_0.parent_id=? 
    order by
        c1_0.order_no
Hibernate: 
    select
        u1_0.id,
        u1_0.active,
        u1_0.avatar,
        u1_0.created_at,
        u1_0.email,
        u1_0.first_name,
        u1_0.last_login_at,
        u1_0.last_login_ip,
        u1_0.last_name,
        u1_0.locked_until,
        u1_0.login_attempts,
        u1_0.password,
        u1_0.password_changed_at,
        u1_0.phone,
        u1_0.role_id,
        u1_0.updated_at,
        u1_0.username,
        u1_0.version 
    from
        users u1_0 
    where
        u1_0.username=?
Hibernate: 
    insert 
    into
        login_history
        (created_at, failure_reason, ip_address, login_timestamp, logout_timestamp, success, updated_at, user_id, user_agent, username, version) 
    values
        (?, ?, ?, ?, ?, ?, ?, ?, ?, ?, ?)
Hibernate: 
    update
        users 
    set
        active=?,
        avatar=?,
        email=?,
        first_name=?,
        last_login_at=?,
        last_login_ip=?,
        last_name=?,
        locked_until=?,
        login_attempts=?,
        password=?,
        password_changed_at=?,
        phone=?,
        role_id=?,
        updated_at=?,
        username=?,
        version=? 
    where
        id=? 
        and version=?
Hibernate: 
    insert 
    into
        refresh_tokens
        (created_at, expiry_date, revoked, token, updated_at, user_id, version) 
    values
        (?, ?, ?, ?, ?, ?, ?)
Hibernate: 
    insert 
    into
        login_sessions
        (browser, created_at, device_type, expired, ip_address, is_active, last_activity_time, login_time, logout_time, operating_system, session_token, updated_at, user_id, version) 
    values
        (?, ?, ?, ?, ?, ?, ?, ?, ?, ?, ?, ?, ?, ?)
Hibernate: 
    select
        u1_0.id,
        u1_0.active,
        u1_0.avatar,
        u1_0.created_at,
        u1_0.email,
        u1_0.first_name,
        u1_0.last_login_at,
        u1_0.last_login_ip,
        u1_0.last_name,
        u1_0.locked_until,
        u1_0.login_attempts,
        u1_0.password,
        u1_0.password_changed_at,
        u1_0.phone,
        u1_0.role_id,
        u1_0.updated_at,
        u1_0.username,
        u1_0.version 
    from
        users u1_0 
    where
        u1_0.username=?
Hibernate: 
    insert 
    into
        activity_logs
        (action, created_at, description, entity_id, entity_type, ip_address, metadata, module, updated_at, user_id, user_agent, username, version) 
    values
        (?, ?, ?, ?, ?, ?, ?, ?, ?, ?, ?, ?, ?)
Hibernate: 
    select
        u1_0.id,
        u1_0.active,
        u1_0.avatar,
        u1_0.created_at,
        u1_0.email,
        u1_0.first_name,
        u1_0.last_login_at,
        u1_0.last_login_ip,
        u1_0.last_name,
        u1_0.locked_until,
        u1_0.login_attempts,
        u1_0.password,
        u1_0.password_changed_at,
        u1_0.phone,
        u1_0.role_id,
        u1_0.updated_at,
        u1_0.username,
        u1_0.version 
    from
        users u1_0 
    where
        u1_0.username=?
Hibernate: 
    insert 
    into
        audit_logs
        (action, created_at, entity_id, entity_type, ip_address, new_value, old_value, updated_at, user_id, version) 
    values
        (?, ?, ?, ?, ?, ?, ?, ?, ?, ?)
Hibernate: 
    select
        u1_0.id,
        u1_0.active,
        u1_0.avatar,
        u1_0.created_at,
        u1_0.email,
        u1_0.first_name,
        u1_0.last_login_at,
        u1_0.last_login_ip,
        u1_0.last_name,
        u1_0.locked_until,
        u1_0.login_attempts,
        u1_0.password,
        u1_0.password_changed_at,
        u1_0.phone,
        u1_0.role_id,
        u1_0.updated_at,
        u1_0.username,
        u1_0.version 
    from
        users u1_0 
    where
        u1_0.username=?
Hibernate: 
    select
        r1_0.id,
        r1_0.active,
        r1_0.code,
        r1_0.created_at,
        r1_0.description,
        r1_0.name,
        p1_0.role_id,
        p1_1.id,
        p1_1.action,
        p1_1.code,
        p1_1.created_at,
        p1_1.description,
        p1_1.module,
        p1_1.name,
        p1_1.updated_at,
        p1_1.version,
        r1_0.updated_at,
        r1_0.version 
    from
        roles r1_0 
    left join
        role_permissions p1_0 
            on r1_0.id=p1_0.role_id 
    left join
        permissions p1_1 
            on p1_1.id=p1_0.permission_id 
    where
        r1_0.id=?
java.lang.IllegalArgumentException: When allowCredentials is true, allowedOrigins cannot contain the special value "*" since that cannot be set on the "Access-Control-Allow-Origin" response header. To allow credentials to a set of origins, list them explicitly or consider using "allowedOriginPatterns" instead.
	at org.springframework.web.cors.CorsConfiguration.validateAllowCredentials(CorsConfiguration.java:575)
	at org.springframework.web.servlet.handler.AbstractHandlerMapping.getHandler(AbstractHandlerMapping.java:544)
	at org.springframework.web.servlet.DispatcherServlet.getHandler(DispatcherServlet.java:1283)
	at org.springframework.web.servlet.DispatcherServlet.doDispatch(DispatcherServlet.java:1064)
	at org.springframework.web.servlet.DispatcherServlet.doService(DispatcherServlet.java:978)
	at org.springframework.web.servlet.FrameworkServlet.processRequest(FrameworkServlet.java:1014)
	at org.springframework.web.servlet.FrameworkServlet.doGet(FrameworkServlet.java:903)
	at jakarta.servlet.http.HttpServlet.service(HttpServlet.java:564)
	at org.springframework.web.servlet.FrameworkServlet.service(FrameworkServlet.java:885)
	at jakarta.servlet.http.HttpServlet.service(HttpServlet.java:658)
	at org.apache.catalina.core.ApplicationFilterChain.internalDoFilter(ApplicationFilterChain.java:195)
	at org.apache.catalina.core.ApplicationFilterChain.doFilter(ApplicationFilterChain.java:140)
	at org.apache.tomcat.websocket.server.WsFilter.doFilter(WsFilter.java:51)
	at org.apache.catalina.core.ApplicationFilterChain.internalDoFilter(ApplicationFilterChain.java:164)
	at org.apache.catalina.core.ApplicationFilterChain.doFilter(ApplicationFilterChain.java:140)
	at org.springframework.web.filter.OncePerRequestFilter.doFilter(OncePerRequestFilter.java:110)
	at org.apache.catalina.core.ApplicationFilterChain.internalDoFilter(ApplicationFilterChain.java:164)
	at org.apache.catalina.core.ApplicationFilterChain.doFilter(ApplicationFilterChain.java:140)
	at org.springframework.web.filter.CompositeFilter$VirtualFilterChain.doFilter(CompositeFilter.java:108)
	at org.springframework.security.web.FilterChainProxy.lambda$doFilterInternal$3(FilterChainProxy.java:231)
	at org.springframework.security.web.FilterChainProxy$VirtualFilterChain.doFilter(FilterChainProxy.java:365)
	at org.springframework.security.web.access.intercept.AuthorizationFilter.doFilter(AuthorizationFilter.java:101)
	at org.springframework.security.web.FilterChainProxy$VirtualFilterChain.doFilter(FilterChainProxy.java:374)
	at org.springframework.security.web.access.ExceptionTranslationFilter.doFilter(ExceptionTranslationFilter.java:126)
	at org.springframework.security.web.access.ExceptionTranslationFilter.doFilter(ExceptionTranslationFilter.java:120)
	at org.springframework.security.web.FilterChainProxy$VirtualFilterChain.doFilter(FilterChainProxy.java:374)
	at org.springframework.security.web.session.SessionManagementFilter.doFilter(SessionManagementFilter.java:131)
	at org.springframework.security.web.session.SessionManagementFilter.doFilter(SessionManagementFilter.java:85)
	at org.springframework.security.web.FilterChainProxy$VirtualFilterChain.doFilter(FilterChainProxy.java:374)
	at org.springframework.security.web.authentication.AnonymousAuthenticationFilter.doFilter(AnonymousAuthenticationFilter.java:100)
	at org.springframework.security.web.FilterChainProxy$VirtualFilterChain.doFilter(FilterChainProxy.java:374)
	at org.springframework.security.web.servletapi.SecurityContextHolderAwareRequestFilter.doFilter(SecurityContextHolderAwareRequestFilter.java:179)
	at org.springframework.security.web.FilterChainProxy$VirtualFilterChain.doFilter(FilterChainProxy.java:374)
	at org.springframework.security.web.savedrequest.RequestCacheAwareFilter.doFilter(RequestCacheAwareFilter.java:63)
	at org.springframework.security.web.FilterChainProxy$VirtualFilterChain.doFilter(FilterChainProxy.java:374)
	at com.badrulamin.University_Management.security.jwt.AuthTokenFilter.doFilterInternal(AuthTokenFilter.java:47)
	at org.springframework.web.filter.OncePerRequestFilter.doFilter(OncePerRequestFilter.java:116)
	at org.springframework.security.web.FilterChainProxy$VirtualFilterChain.doFilter(FilterChainProxy.java:374)
	at org.springframework.security.web.authentication.logout.LogoutFilter.doFilter(LogoutFilter.java:107)
	at org.springframework.security.web.authentication.logout.LogoutFilter.doFilter(LogoutFilter.java:93)
	at org.springframework.security.web.FilterChainProxy$VirtualFilterChain.doFilter(FilterChainProxy.java:374)
	at org.springframework.web.filter.CorsFilter.doFilterInternal(CorsFilter.java:91)
	at org.springframework.web.filter.OncePerRequestFilter.doFilter(OncePerRequestFilter.java:116)
	at org.springframework.security.web.FilterChainProxy$VirtualFilterChain.doFilter(FilterChainProxy.java:374)
	at org.springframework.security.web.header.HeaderWriterFilter.doHeadersAfter(HeaderWriterFilter.java:90)
	at org.springframework.security.web.header.HeaderWriterFilter.doFilterInternal(HeaderWriterFilter.java:75)
	at org.springframework.web.filter.OncePerRequestFilter.doFilter(OncePerRequestFilter.java:116)
	at org.springframework.security.web.FilterChainProxy$VirtualFilterChain.doFilter(FilterChainProxy.java:374)
	at org.springframework.security.web.context.SecurityContextHolderFilter.doFilter(SecurityContextHolderFilter.java:82)
	at org.springframework.security.web.context.SecurityContextHolderFilter.doFilter(SecurityContextHolderFilter.java:69)
	at org.springframework.security.web.FilterChainProxy$VirtualFilterChain.doFilter(FilterChainProxy.java:374)
	at org.springframework.security.web.context.request.async.WebAsyncManagerIntegrationFilter.doFilterInternal(WebAsyncManagerIntegrationFilter.java:62)
	at org.springframework.web.filter.OncePerRequestFilter.doFilter(OncePerRequestFilter.java:116)
	at org.springframework.security.web.FilterChainProxy$VirtualFilterChain.doFilter(FilterChainProxy.java:374)
	at org.springframework.security.web.session.DisableEncodeUrlFilter.doFilterInternal(DisableEncodeUrlFilter.java:42)
	at org.springframework.web.filter.OncePerRequestFilter.doFilter(OncePerRequestFilter.java:116)
	at org.springframework.security.web.FilterChainProxy$VirtualFilterChain.doFilter(FilterChainProxy.java:374)
	at org.springframework.security.web.FilterChainProxy.doFilterInternal(FilterChainProxy.java:233)
	at org.springframework.security.web.FilterChainProxy.doFilter(FilterChainProxy.java:191)
	at org.springframework.web.filter.CompositeFilter$VirtualFilterChain.doFilter(CompositeFilter.java:113)
	at org.springframework.web.servlet.handler.HandlerMappingIntrospector.lambda$createCacheFilter$3(HandlerMappingIntrospector.java:243)
	at org.springframework.web.filter.CompositeFilter$VirtualFilterChain.doFilter(CompositeFilter.java:113)
	at org.springframework.web.filter.CompositeFilter.doFilter(CompositeFilter.java:74)
	at org.springframework.security.config.annotation.web.configuration.WebMvcSecurityConfiguration$CompositeFilterChainProxy.doFilter(WebMvcSecurityConfiguration.java:238)
	at org.springframework.web.filter.DelegatingFilterProxy.invokeDelegate(DelegatingFilterProxy.java:362)
	at org.springframework.web.filter.DelegatingFilterProxy.doFilter(DelegatingFilterProxy.java:278)
	at org.apache.catalina.core.ApplicationFilterChain.internalDoFilter(ApplicationFilterChain.java:164)
	at org.apache.catalina.core.ApplicationFilterChain.doFilter(ApplicationFilterChain.java:140)
	at org.springframework.web.filter.RequestContextFilter.doFilterInternal(RequestContextFilter.java:100)
	at org.springframework.web.filter.OncePerRequestFilter.doFilter(OncePerRequestFilter.java:116)
	at org.apache.catalina.core.ApplicationFilterChain.internalDoFilter(ApplicationFilterChain.java:164)
	at org.apache.catalina.core.ApplicationFilterChain.doFilter(ApplicationFilterChain.java:140)
	at org.springframework.web.filter.FormContentFilter.doFilterInternal(FormContentFilter.java:93)
	at org.springframework.web.filter.OncePerRequestFilter.doFilter(OncePerRequestFilter.java:116)
	at org.apache.catalina.core.ApplicationFilterChain.internalDoFilter(ApplicationFilterChain.java:164)
	at org.apache.catalina.core.ApplicationFilterChain.doFilter(ApplicationFilterChain.java:140)
	at org.springframework.web.filter.CharacterEncodingFilter.doFilterInternal(CharacterEncodingFilter.java:201)
	at org.springframework.web.filter.OncePerRequestFilter.doFilter(OncePerRequestFilter.java:116)
	at org.apache.catalina.core.ApplicationFilterChain.internalDoFilter(ApplicationFilterChain.java:164)
	at org.apache.catalina.core.ApplicationFilterChain.doFilter(ApplicationFilterChain.java:140)
	at org.apache.catalina.core.StandardWrapperValve.invoke(StandardWrapperValve.java:167)
	at org.apache.catalina.core.StandardContextValve.invoke(StandardContextValve.java:90)
	at org.apache.catalina.authenticator.AuthenticatorBase.invoke(AuthenticatorBase.java:483)
	at org.apache.catalina.core.StandardHostValve.invoke(StandardHostValve.java:115)
	at org.apache.catalina.valves.ErrorReportValve.invoke(ErrorReportValve.java:93)
	at org.apache.catalina.core.StandardEngineValve.invoke(StandardEngineValve.java:74)
	at org.apache.catalina.connector.CoyoteAdapter.service(CoyoteAdapter.java:344)
	at org.apache.coyote.http11.Http11Processor.service(Http11Processor.java:397)
	at org.apache.coyote.AbstractProcessorLight.process(AbstractProcessorLight.java:63)
	at org.apache.coyote.AbstractProtocol$ConnectionHandler.process(AbstractProtocol.java:905)
	at org.apache.tomcat.util.net.NioEndpoint$SocketProcessor.doRun(NioEndpoint.java:1741)
	at org.apache.tomcat.util.net.SocketProcessorBase.run(SocketProcessorBase.java:52)
	at org.apache.tomcat.util.threads.ThreadPoolExecutor.runWorker(ThreadPoolExecutor.java:1190)
	at org.apache.tomcat.util.threads.ThreadPoolExecutor$Worker.run(ThreadPoolExecutor.java:659)
	at org.apache.tomcat.util.threads.TaskThread$WrappingRunnable.run(TaskThread.java:63)
	at java.base/java.lang.Thread.run(Thread.java:1583)
2026-07-08T18:37:18.045+06:00  WARN 5624 --- [University_Management] [nio-8085-exec-6] .m.m.a.ExceptionHandlerExceptionResolver : Resolved [java.lang.IllegalArgumentException: When allowCredentials is true, allowedOrigins cannot contain the special value "*" since that cannot be set on the "Access-Control-Allow-Origin" response header. To allow credentials to a set of origins, list them explicitly or consider using "allowedOriginPatterns" instead.]
Hibernate: 
    select
        u1_0.id,
        u1_0.active,
        u1_0.avatar,
        u1_0.created_at,
        u1_0.email,
        u1_0.first_name,
        u1_0.last_login_at,
        u1_0.last_login_ip,
        u1_0.last_name,
        u1_0.locked_until,
        u1_0.login_attempts,
        u1_0.password,
        u1_0.password_changed_at,
        u1_0.phone,
        u1_0.role_id,
        u1_0.updated_at,
        u1_0.username,
        u1_0.version 
    from
        users u1_0 
    where
        u1_0.username=?
Hibernate: 
    select
        r1_0.id,
        r1_0.active,
        r1_0.code,
        r1_0.created_at,
        r1_0.description,
        r1_0.name,
        p1_0.role_id,
        p1_1.id,
        p1_1.action,
        p1_1.code,
        p1_1.created_at,
        p1_1.description,
        p1_1.module,
        p1_1.name,
        p1_1.updated_at,
        p1_1.version,
        r1_0.updated_at,
        r1_0.version 
    from
        roles r1_0 
    left join
        role_permissions p1_0 
            on r1_0.id=p1_0.role_id 
    left join
        permissions p1_1 
            on p1_1.id=p1_0.permission_id 
    where
        r1_0.id=?
org.springframework.web.servlet.resource.NoResourceFoundException: No static resource api/library/books.
	at org.springframework.web.servlet.resource.ResourceHttpRequestHandler.handleRequest(ResourceHttpRequestHandler.java:585)
	at org.springframework.web.servlet.mvc.HttpRequestHandlerAdapter.handle(HttpRequestHandlerAdapter.java:52)
	at org.springframework.web.servlet.DispatcherServlet.doDispatch(DispatcherServlet.java:1088)
	at org.springframework.web.servlet.DispatcherServlet.doService(DispatcherServlet.java:978)
	at org.springframework.web.servlet.FrameworkServlet.processRequest(FrameworkServlet.java:1014)
	at org.springframework.web.servlet.FrameworkServlet.doGet(FrameworkServlet.java:903)
	at jakarta.servlet.http.HttpServlet.service(HttpServlet.java:564)
	at org.springframework.web.servlet.FrameworkServlet.service(FrameworkServlet.java:885)
	at jakarta.servlet.http.HttpServlet.service(HttpServlet.java:658)
	at org.apache.catalina.core.ApplicationFilterChain.internalDoFilter(ApplicationFilterChain.java:195)
	at org.apache.catalina.core.ApplicationFilterChain.doFilter(ApplicationFilterChain.java:140)
	at org.apache.tomcat.websocket.server.WsFilter.doFilter(WsFilter.java:51)
	at org.apache.catalina.core.ApplicationFilterChain.internalDoFilter(ApplicationFilterChain.java:164)
	at org.apache.catalina.core.ApplicationFilterChain.doFilter(ApplicationFilterChain.java:140)
	at org.springframework.web.filter.OncePerRequestFilter.doFilter(OncePerRequestFilter.java:110)
	at org.apache.catalina.core.ApplicationFilterChain.internalDoFilter(ApplicationFilterChain.java:164)
	at org.apache.catalina.core.ApplicationFilterChain.doFilter(ApplicationFilterChain.java:140)
	at org.springframework.web.filter.CompositeFilter$VirtualFilterChain.doFilter(CompositeFilter.java:108)
	at org.springframework.security.web.FilterChainProxy.lambda$doFilterInternal$3(FilterChainProxy.java:231)
	at org.springframework.security.web.FilterChainProxy$VirtualFilterChain.doFilter(FilterChainProxy.java:365)
	at org.springframework.security.web.access.intercept.AuthorizationFilter.doFilter(AuthorizationFilter.java:101)
	at org.springframework.security.web.FilterChainProxy$VirtualFilterChain.doFilter(FilterChainProxy.java:374)
	at org.springframework.security.web.access.ExceptionTranslationFilter.doFilter(ExceptionTranslationFilter.java:126)
	at org.springframework.security.web.access.ExceptionTranslationFilter.doFilter(ExceptionTranslationFilter.java:120)
	at org.springframework.security.web.FilterChainProxy$VirtualFilterChain.doFilter(FilterChainProxy.java:374)
	at org.springframework.security.web.session.SessionManagementFilter.doFilter(SessionManagementFilter.java:131)
	at org.springframework.security.web.session.SessionManagementFilter.doFilter(SessionManagementFilter.java:85)
	at org.springframework.security.web.FilterChainProxy$VirtualFilterChain.doFilter(FilterChainProxy.java:374)
	at org.springframework.security.web.authentication.AnonymousAuthenticationFilter.doFilter(AnonymousAuthenticationFilter.java:100)
	at org.springframework.security.web.FilterChainProxy$VirtualFilterChain.doFilter(FilterChainProxy.java:374)
	at org.springframework.security.web.servletapi.SecurityContextHolderAwareRequestFilter.doFilter(SecurityContextHolderAwareRequestFilter.java:179)
	at org.springframework.security.web.FilterChainProxy$VirtualFilterChain.doFilter(FilterChainProxy.java:374)
	at org.springframework.security.web.savedrequest.RequestCacheAwareFilter.doFilter(RequestCacheAwareFilter.java:63)
	at org.springframework.security.web.FilterChainProxy$VirtualFilterChain.doFilter(FilterChainProxy.java:374)
	at com.badrulamin.University_Management.security.jwt.AuthTokenFilter.doFilterInternal(AuthTokenFilter.java:47)
	at org.springframework.web.filter.OncePerRequestFilter.doFilter(OncePerRequestFilter.java:116)
	at org.springframework.security.web.FilterChainProxy$VirtualFilterChain.doFilter(FilterChainProxy.java:374)
	at org.springframework.security.web.authentication.logout.LogoutFilter.doFilter(LogoutFilter.java:107)
	at org.springframework.security.web.authentication.logout.LogoutFilter.doFilter(LogoutFilter.java:93)
	at org.springframework.security.web.FilterChainProxy$VirtualFilterChain.doFilter(FilterChainProxy.java:374)
	at org.springframework.web.filter.CorsFilter.doFilterInternal(CorsFilter.java:91)
	at org.springframework.web.filter.OncePerRequestFilter.doFilter(OncePerRequestFilter.java:116)
	at org.springframework.security.web.FilterChainProxy$VirtualFilterChain.doFilter(FilterChainProxy.java:374)
	at org.springframework.security.web.header.HeaderWriterFilter.doHeadersAfter(HeaderWriterFilter.java:90)
	at org.springframework.security.web.header.HeaderWriterFilter.doFilterInternal(HeaderWriterFilter.java:75)
	at org.springframework.web.filter.OncePerRequestFilter.doFilter(OncePerRequestFilter.java:116)
	at org.springframework.security.web.FilterChainProxy$VirtualFilterChain.doFilter(FilterChainProxy.java:374)
	at org.springframework.security.web.context.SecurityContextHolderFilter.doFilter(SecurityContextHolderFilter.java:82)
	at org.springframework.security.web.context.SecurityContextHolderFilter.doFilter(SecurityContextHolderFilter.java:69)
	at org.springframework.security.web.FilterChainProxy$VirtualFilterChain.doFilter(FilterChainProxy.java:374)
	at org.springframework.security.web.context.request.async.WebAsyncManagerIntegrationFilter.doFilterInternal(WebAsyncManagerIntegrationFilter.java:62)
	at org.springframework.web.filter.OncePerRequestFilter.doFilter(OncePerRequestFilter.java:116)
	at org.springframework.security.web.FilterChainProxy$VirtualFilterChain.doFilter(FilterChainProxy.java:374)
	at org.springframework.security.web.session.DisableEncodeUrlFilter.doFilterInternal(DisableEncodeUrlFilter.java:42)
	at org.springframework.web.filter.OncePerRequestFilter.doFilter(OncePerRequestFilter.java:116)
	at org.springframework.security.web.FilterChainProxy$VirtualFilterChain.doFilter(FilterChainProxy.java:374)
	at org.springframework.security.web.FilterChainProxy.doFilterInternal(FilterChainProxy.java:233)
	at org.springframework.security.web.FilterChainProxy.doFilter(FilterChainProxy.java:191)
	at org.springframework.web.filter.CompositeFilter$VirtualFilterChain.doFilter(CompositeFilter.java:113)
	at org.springframework.web.servlet.handler.HandlerMappingIntrospector.lambda$createCacheFilter$3(HandlerMappingIntrospector.java:243)
	at org.springframework.web.filter.CompositeFilter$VirtualFilterChain.doFilter(CompositeFilter.java:113)
	at org.springframework.web.filter.CompositeFilter.doFilter(CompositeFilter.java:74)
	at org.springframework.security.config.annotation.web.configuration.WebMvcSecurityConfiguration$CompositeFilterChainProxy.doFilter(WebMvcSecurityConfiguration.java:238)
	at org.springframework.web.filter.DelegatingFilterProxy.invokeDelegate(DelegatingFilterProxy.java:362)
	at org.springframework.web.filter.DelegatingFilterProxy.doFilter(DelegatingFilterProxy.java:278)
	at org.apache.catalina.core.ApplicationFilterChain.internalDoFilter(ApplicationFilterChain.java:164)
	at org.apache.catalina.core.ApplicationFilterChain.doFilter(ApplicationFilterChain.java:140)
	at org.springframework.web.filter.RequestContextFilter.doFilterInternal(RequestContextFilter.java:100)
	at org.springframework.web.filter.OncePerRequestFilter.doFilter(OncePerRequestFilter.java:116)
	at org.apache.catalina.core.ApplicationFilterChain.internalDoFilter(ApplicationFilterChain.java:164)
	at org.apache.catalina.core.ApplicationFilterChain.doFilter(ApplicationFilterChain.java:140)
	at org.springframework.web.filter.FormContentFilter.doFilterInternal(FormContentFilter.java:93)
	at org.springframework.web.filter.OncePerRequestFilter.doFilter(OncePerRequestFilter.java:116)
	at org.apache.catalina.core.ApplicationFilterChain.internalDoFilter(ApplicationFilterChain.java:164)
	at org.apache.catalina.core.ApplicationFilterChain.doFilter(ApplicationFilterChain.java:140)
	at org.springframework.web.filter.CharacterEncodingFilter.doFilterInternal(CharacterEncodingFilter.java:201)
	at org.springframework.web.filter.OncePerRequestFilter.doFilter(OncePerRequestFilter.java:116)
	at org.apache.catalina.core.ApplicationFilterChain.internalDoFilter(ApplicationFilterChain.java:164)
	at org.apache.catalina.core.ApplicationFilterChain.doFilter(ApplicationFilterChain.java:140)
	at org.apache.catalina.core.StandardWrapperValve.invoke(StandardWrapperValve.java:167)
	at org.apache.catalina.core.StandardContextValve.invoke(StandardContextValve.java:90)
	at org.apache.catalina.authenticator.AuthenticatorBase.invoke(AuthenticatorBase.java:483)
	at org.apache.catalina.core.StandardHostValve.invoke(StandardHostValve.java:115)
	at org.apache.catalina.valves.ErrorReportValve.invoke(ErrorReportValve.java:93)
	at org.apache.catalina.core.StandardEngineValve.invoke(StandardEngineValve.java:74)
	at org.apache.catalina.connector.CoyoteAdapter.service(CoyoteAdapter.java:344)
	at org.apache.coyote.http11.Http11Processor.service(Http11Processor.java:397)
	at org.apache.coyote.AbstractProcessorLight.process(AbstractProcessorLight.java:63)
	at org.apache.coyote.AbstractProtocol$ConnectionHandler.process(AbstractProtocol.java:905)
	at org.apache.tomcat.util.net.NioEndpoint$SocketProcessor.doRun(NioEndpoint.java:1741)
	at org.apache.tomcat.util.net.SocketProcessorBase.run(SocketProcessorBase.java:52)
	at org.apache.tomcat.util.threads.ThreadPoolExecutor.runWorker(ThreadPoolExecutor.java:1190)
	at org.apache.tomcat.util.threads.ThreadPoolExecutor$Worker.run(ThreadPoolExecutor.java:659)
	at org.apache.tomcat.util.threads.TaskThread$WrappingRunnable.run(TaskThread.java:63)
	at java.base/java.lang.Thread.run(Thread.java:1583)
2026-07-08T18:37:18.112+06:00  WARN 5624 --- [University_Management] [nio-8085-exec-7] .m.m.a.ExceptionHandlerExceptionResolver : Resolved [org.springframework.web.servlet.resource.NoResourceFoundException: No static resource api/library/books.]
Hibernate: 
    select
        u1_0.id,
        u1_0.active,
        u1_0.avatar,
        u1_0.created_at,
        u1_0.email,
        u1_0.first_name,
        u1_0.last_login_at,
        u1_0.last_login_ip,
        u1_0.last_name,
        u1_0.locked_until,
        u1_0.login_attempts,
        u1_0.password,
        u1_0.password_changed_at,
        u1_0.phone,
        u1_0.role_id,
        u1_0.updated_at,
        u1_0.username,
        u1_0.version 
    from
        users u1_0 
    where
        u1_0.username=?
Hibernate: 
    select
        r1_0.id,
        r1_0.active,
        r1_0.code,
        r1_0.created_at,
        r1_0.description,
        r1_0.name,
        p1_0.role_id,
        p1_1.id,
        p1_1.action,
        p1_1.code,
        p1_1.created_at,
        p1_1.description,
        p1_1.module,
        p1_1.name,
        p1_1.updated_at,
        p1_1.version,
        r1_0.updated_at,
        r1_0.version 
    from
        roles r1_0 
    left join
        role_permissions p1_0 
            on r1_0.id=p1_0.role_id 
    left join
        permissions p1_1 
            on p1_1.id=p1_0.permission_id 
    where
        r1_0.id=?
org.springframework.web.servlet.resource.NoResourceFoundException: No static resource api/hrm/employees.
	at org.springframework.web.servlet.resource.ResourceHttpRequestHandler.handleRequest(ResourceHttpRequestHandler.java:585)
	at org.springframework.web.servlet.mvc.HttpRequestHandlerAdapter.handle(HttpRequestHandlerAdapter.java:52)
	at org.springframework.web.servlet.DispatcherServlet.doDispatch(DispatcherServlet.java:1088)
	at org.springframework.web.servlet.DispatcherServlet.doService(DispatcherServlet.java:978)
	at org.springframework.web.servlet.FrameworkServlet.processRequest(FrameworkServlet.java:1014)
	at org.springframework.web.servlet.FrameworkServlet.doGet(FrameworkServlet.java:903)
	at jakarta.servlet.http.HttpServlet.service(HttpServlet.java:564)
	at org.springframework.web.servlet.FrameworkServlet.service(FrameworkServlet.java:885)
	at jakarta.servlet.http.HttpServlet.service(HttpServlet.java:658)
	at org.apache.catalina.core.ApplicationFilterChain.internalDoFilter(ApplicationFilterChain.java:195)
	at org.apache.catalina.core.ApplicationFilterChain.doFilter(ApplicationFilterChain.java:140)
	at org.apache.tomcat.websocket.server.WsFilter.doFilter(WsFilter.java:51)
	at org.apache.catalina.core.ApplicationFilterChain.internalDoFilter(ApplicationFilterChain.java:164)
	at org.apache.catalina.core.ApplicationFilterChain.doFilter(ApplicationFilterChain.java:140)
	at org.springframework.web.filter.OncePerRequestFilter.doFilter(OncePerRequestFilter.java:110)
	at org.apache.catalina.core.ApplicationFilterChain.internalDoFilter(ApplicationFilterChain.java:164)
	at org.apache.catalina.core.ApplicationFilterChain.doFilter(ApplicationFilterChain.java:140)
	at org.springframework.web.filter.CompositeFilter$VirtualFilterChain.doFilter(CompositeFilter.java:108)
	at org.springframework.security.web.FilterChainProxy.lambda$doFilterInternal$3(FilterChainProxy.java:231)
	at org.springframework.security.web.FilterChainProxy$VirtualFilterChain.doFilter(FilterChainProxy.java:365)
	at org.springframework.security.web.access.intercept.AuthorizationFilter.doFilter(AuthorizationFilter.java:101)
	at org.springframework.security.web.FilterChainProxy$VirtualFilterChain.doFilter(FilterChainProxy.java:374)
	at org.springframework.security.web.access.ExceptionTranslationFilter.doFilter(ExceptionTranslationFilter.java:126)
	at org.springframework.security.web.access.ExceptionTranslationFilter.doFilter(ExceptionTranslationFilter.java:120)
	at org.springframework.security.web.FilterChainProxy$VirtualFilterChain.doFilter(FilterChainProxy.java:374)
	at org.springframework.security.web.session.SessionManagementFilter.doFilter(SessionManagementFilter.java:131)
	at org.springframework.security.web.session.SessionManagementFilter.doFilter(SessionManagementFilter.java:85)
	at org.springframework.security.web.FilterChainProxy$VirtualFilterChain.doFilter(FilterChainProxy.java:374)
	at org.springframework.security.web.authentication.AnonymousAuthenticationFilter.doFilter(AnonymousAuthenticationFilter.java:100)
	at org.springframework.security.web.FilterChainProxy$VirtualFilterChain.doFilter(FilterChainProxy.java:374)
	at org.springframework.security.web.servletapi.SecurityContextHolderAwareRequestFilter.doFilter(SecurityContextHolderAwareRequestFilter.java:179)
	at org.springframework.security.web.FilterChainProxy$VirtualFilterChain.doFilter(FilterChainProxy.java:374)
	at org.springframework.security.web.savedrequest.RequestCacheAwareFilter.doFilter(RequestCacheAwareFilter.java:63)
	at org.springframework.security.web.FilterChainProxy$VirtualFilterChain.doFilter(FilterChainProxy.java:374)
	at com.badrulamin.University_Management.security.jwt.AuthTokenFilter.doFilterInternal(AuthTokenFilter.java:47)
	at org.springframework.web.filter.OncePerRequestFilter.doFilter(OncePerRequestFilter.java:116)
	at org.springframework.security.web.FilterChainProxy$VirtualFilterChain.doFilter(FilterChainProxy.java:374)
	at org.springframework.security.web.authentication.logout.LogoutFilter.doFilter(LogoutFilter.java:107)
	at org.springframework.security.web.authentication.logout.LogoutFilter.doFilter(LogoutFilter.java:93)
	at org.springframework.security.web.FilterChainProxy$VirtualFilterChain.doFilter(FilterChainProxy.java:374)
	at org.springframework.web.filter.CorsFilter.doFilterInternal(CorsFilter.java:91)
	at org.springframework.web.filter.OncePerRequestFilter.doFilter(OncePerRequestFilter.java:116)
	at org.springframework.security.web.FilterChainProxy$VirtualFilterChain.doFilter(FilterChainProxy.java:374)
	at org.springframework.security.web.header.HeaderWriterFilter.doHeadersAfter(HeaderWriterFilter.java:90)
	at org.springframework.security.web.header.HeaderWriterFilter.doFilterInternal(HeaderWriterFilter.java:75)
	at org.springframework.web.filter.OncePerRequestFilter.doFilter(OncePerRequestFilter.java:116)
	at org.springframework.security.web.FilterChainProxy$VirtualFilterChain.doFilter(FilterChainProxy.java:374)
	at org.springframework.security.web.context.SecurityContextHolderFilter.doFilter(SecurityContextHolderFilter.java:82)
	at org.springframework.security.web.context.SecurityContextHolderFilter.doFilter(SecurityContextHolderFilter.java:69)
	at org.springframework.security.web.FilterChainProxy$VirtualFilterChain.doFilter(FilterChainProxy.java:374)
	at org.springframework.security.web.context.request.async.WebAsyncManagerIntegrationFilter.doFilterInternal(WebAsyncManagerIntegrationFilter.java:62)
	at org.springframework.web.filter.OncePerRequestFilter.doFilter(OncePerRequestFilter.java:116)
	at org.springframework.security.web.FilterChainProxy$VirtualFilterChain.doFilter(FilterChainProxy.java:374)
	at org.springframework.security.web.session.DisableEncodeUrlFilter.doFilterInternal(DisableEncodeUrlFilter.java:42)
	at org.springframework.web.filter.OncePerRequestFilter.doFilter(OncePerRequestFilter.java:116)
	at org.springframework.security.web.FilterChainProxy$VirtualFilterChain.doFilter(FilterChainProxy.java:374)
	at org.springframework.security.web.FilterChainProxy.doFilterInternal(FilterChainProxy.java:233)
	at org.springframework.security.web.FilterChainProxy.doFilter(FilterChainProxy.java:191)
	at org.springframework.web.filter.CompositeFilter$VirtualFilterChain.doFilter(CompositeFilter.java:113)
	at org.springframework.web.servlet.handler.HandlerMappingIntrospector.lambda$createCacheFilter$3(HandlerMappingIntrospector.java:243)
	at org.springframework.web.filter.CompositeFilter$VirtualFilterChain.doFilter(CompositeFilter.java:113)
	at org.springframework.web.filter.CompositeFilter.doFilter(CompositeFilter.java:74)
	at org.springframework.security.config.annotation.web.configuration.WebMvcSecurityConfiguration$CompositeFilterChainProxy.doFilter(WebMvcSecurityConfiguration.java:238)
	at org.springframework.web.filter.DelegatingFilterProxy.invokeDelegate(DelegatingFilterProxy.java:362)
	at org.springframework.web.filter.DelegatingFilterProxy.doFilter(DelegatingFilterProxy.java:278)
	at org.apache.catalina.core.ApplicationFilterChain.internalDoFilter(ApplicationFilterChain.java:164)
	at org.apache.catalina.core.ApplicationFilterChain.doFilter(ApplicationFilterChain.java:140)
	at org.springframework.web.filter.RequestContextFilter.doFilterInternal(RequestContextFilter.java:100)
	at org.springframework.web.filter.OncePerRequestFilter.doFilter(OncePerRequestFilter.java:116)
	at org.apache.catalina.core.ApplicationFilterChain.internalDoFilter(ApplicationFilterChain.java:164)
	at org.apache.catalina.core.ApplicationFilterChain.doFilter(ApplicationFilterChain.java:140)
	at org.springframework.web.filter.FormContentFilter.doFilterInternal(FormContentFilter.java:93)
	at org.springframework.web.filter.OncePerRequestFilter.doFilter(OncePerRequestFilter.java:116)
	at org.apache.catalina.core.ApplicationFilterChain.internalDoFilter(ApplicationFilterChain.java:164)
	at org.apache.catalina.core.ApplicationFilterChain.doFilter(ApplicationFilterChain.java:140)
	at org.springframework.web.filter.CharacterEncodingFilter.doFilterInternal(CharacterEncodingFilter.java:201)
	at org.springframework.web.filter.OncePerRequestFilter.doFilter(OncePerRequestFilter.java:116)
	at org.apache.catalina.core.ApplicationFilterChain.internalDoFilter(ApplicationFilterChain.java:164)
	at org.apache.catalina.core.ApplicationFilterChain.doFilter(ApplicationFilterChain.java:140)
	at org.apache.catalina.core.StandardWrapperValve.invoke(StandardWrapperValve.java:167)
	at org.apache.catalina.core.StandardContextValve.invoke(StandardContextValve.java:90)
	at org.apache.catalina.authenticator.AuthenticatorBase.invoke(AuthenticatorBase.java:483)
	at org.apache.catalina.core.StandardHostValve.invoke(StandardHostValve.java:115)
	at org.apache.catalina.valves.ErrorReportValve.invoke(ErrorReportValve.java:93)
	at org.apache.catalina.core.StandardEngineValve.invoke(StandardEngineValve.java:74)
	at org.apache.catalina.connector.CoyoteAdapter.service(CoyoteAdapter.java:344)
	at org.apache.coyote.http11.Http11Processor.service(Http11Processor.java:397)
	at org.apache.coyote.AbstractProcessorLight.process(AbstractProcessorLight.java:63)
	at org.apache.coyote.AbstractProtocol$ConnectionHandler.process(AbstractProtocol.java:905)
	at org.apache.tomcat.util.net.NioEndpoint$SocketProcessor.doRun(NioEndpoint.java:1741)
	at org.apache.tomcat.util.net.SocketProcessorBase.run(SocketProcessorBase.java:52)
	at org.apache.tomcat.util.threads.ThreadPoolExecutor.runWorker(ThreadPoolExecutor.java:1190)
	at org.apache.tomcat.util.threads.ThreadPoolExecutor$Worker.run(ThreadPoolExecutor.java:659)
	at org.apache.tomcat.util.threads.TaskThread$WrappingRunnable.run(TaskThread.java:63)
	at java.base/java.lang.Thread.run(Thread.java:1583)
2026-07-08T18:37:18.172+06:00  WARN 5624 --- [University_Management] [nio-8085-exec-8] .m.m.a.ExceptionHandlerExceptionResolver : Resolved [org.springframework.web.servlet.resource.NoResourceFoundException: No static resource api/hrm/employees.]
Hibernate: 
    select
        u1_0.id,
        u1_0.active,
        u1_0.avatar,
        u1_0.created_at,
        u1_0.email,
        u1_0.first_name,
        u1_0.last_login_at,
        u1_0.last_login_ip,
        u1_0.last_name,
        u1_0.locked_until,
        u1_0.login_attempts,
        u1_0.password,
        u1_0.password_changed_at,
        u1_0.phone,
        u1_0.role_id,
        u1_0.updated_at,
        u1_0.username,
        u1_0.version 
    from
        users u1_0 
    where
        u1_0.username=?
Hibernate: 
    select
        r1_0.id,
        r1_0.active,
        r1_0.code,
        r1_0.created_at,
        r1_0.description,
        r1_0.name,
        p1_0.role_id,
        p1_1.id,
        p1_1.action,
        p1_1.code,
        p1_1.created_at,
        p1_1.description,
        p1_1.module,
        p1_1.name,
        p1_1.updated_at,
        p1_1.version,
        r1_0.updated_at,
        r1_0.version 
    from
        roles r1_0 
    left join
        role_permissions p1_0 
            on r1_0.id=p1_0.role_id 
    left join
        permissions p1_1 
            on p1_1.id=p1_0.permission_id 
    where
        r1_0.id=?
Hibernate: 
    select
        u1_0.id,
        u1_0.active,
        u1_0.avatar,
        u1_0.created_at,
        u1_0.email,
        u1_0.first_name,
        u1_0.last_login_at,
        u1_0.last_login_ip,
        u1_0.last_name,
        u1_0.locked_until,
        u1_0.login_attempts,
        u1_0.password,
        u1_0.password_changed_at,
        u1_0.phone,
        u1_0.role_id,
        u1_0.updated_at,
        u1_0.username,
        u1_0.version 
    from
        users u1_0 
    where
        u1_0.username=?
Hibernate: 
    select
        m1_0.id,
        m1_0.active,
        m1_0.created_at,
        m1_0.icon,
        m1_0.module,
        m1_0.order_no,
        m1_0.parent_id,
        m1_0.permission_code,
        m1_0.route,
        m1_0.title,
        m1_0.updated_at,
        m1_0.version,
        m1_0.visible 
    from
        menus m1_0 
    where
        m1_0.parent_id is null 
        and m1_0.active=1 
        and m1_0.visible=1 
        and (
            m1_0.permission_code is null 
            or m1_0.permission_code in (?, ?, ?, ?, ?, ?, ?, ?, ?, ?, ?, ?, ?, ?, ?, ?, ?, ?, ?, ?, ?, ?, ?, ?, ?, ?, ?, ?, ?, ?, ?, ?, ?, ?, ?, ?, ?, ?, ?, ?, ?, ?, ?, ?, ?, ?, ?, ?, ?, ?, ?, ?, ?, ?)
        ) 
    order by
        m1_0.order_no
Hibernate: 
    select
        c1_0.parent_id,
        c1_0.id,
        c1_0.active,
        c1_0.created_at,
        c1_0.icon,
        c1_0.module,
        c1_0.order_no,
        c1_0.permission_code,
        c1_0.route,
        c1_0.title,
        c1_0.updated_at,
        c1_0.version,
        c1_0.visible 
    from
        menus c1_0 
    where
        c1_0.parent_id=? 
    order by
        c1_0.order_no
Hibernate: 
    select
        c1_0.parent_id,
        c1_0.id,
        c1_0.active,
        c1_0.created_at,
        c1_0.icon,
        c1_0.module,
        c1_0.order_no,
        c1_0.permission_code,
        c1_0.route,
        c1_0.title,
        c1_0.updated_at,
        c1_0.version,
        c1_0.visible 
    from
        menus c1_0 
    where
        c1_0.parent_id=? 
    order by
        c1_0.order_no
Hibernate: 
    select
        c1_0.parent_id,
        c1_0.id,
        c1_0.active,
        c1_0.created_at,
        c1_0.icon,
        c1_0.module,
        c1_0.order_no,
        c1_0.permission_code,
        c1_0.route,
        c1_0.title,
        c1_0.updated_at,
        c1_0.version,
        c1_0.visible 
    from
        menus c1_0 
    where
        c1_0.parent_id=? 
    order by
        c1_0.order_no
Hibernate: 
    select
        c1_0.parent_id,
        c1_0.id,
        c1_0.active,
        c1_0.created_at,
        c1_0.icon,
        c1_0.module,
        c1_0.order_no,
        c1_0.permission_code,
        c1_0.route,
        c1_0.title,
        c1_0.updated_at,
        c1_0.version,
        c1_0.visible 
    from
        menus c1_0 
    where
        c1_0.parent_id=? 
    order by
        c1_0.order_no
Hibernate: 
    select
        c1_0.parent_id,
        c1_0.id,
        c1_0.active,
        c1_0.created_at,
        c1_0.icon,
        c1_0.module,
        c1_0.order_no,
        c1_0.permission_code,
        c1_0.route,
        c1_0.title,
        c1_0.updated_at,
        c1_0.version,
        c1_0.visible 
    from
        menus c1_0 
    where
        c1_0.parent_id=? 
    order by
        c1_0.order_no
Hibernate: 
    select
        c1_0.parent_id,
        c1_0.id,
        c1_0.active,
        c1_0.created_at,
        c1_0.icon,
        c1_0.module,
        c1_0.order_no,
        c1_0.permission_code,
        c1_0.route,
        c1_0.title,
        c1_0.updated_at,
        c1_0.version,
        c1_0.visible 
    from
        menus c1_0 
    where
        c1_0.parent_id=? 
    order by
        c1_0.order_no
Hibernate: 
    select
        c1_0.parent_id,
        c1_0.id,
        c1_0.active,
        c1_0.created_at,
        c1_0.icon,
        c1_0.module,
        c1_0.order_no,
        c1_0.permission_code,
        c1_0.route,
        c1_0.title,
        c1_0.updated_at,
        c1_0.version,
        c1_0.visible 
    from
        menus c1_0 
    where
        c1_0.parent_id=? 
    order by
        c1_0.order_no
Hibernate: 
    select
        c1_0.parent_id,
        c1_0.id,
        c1_0.active,
        c1_0.created_at,
        c1_0.icon,
        c1_0.module,
        c1_0.order_no,
        c1_0.permission_code,
        c1_0.route,
        c1_0.title,
        c1_0.updated_at,
        c1_0.version,
        c1_0.visible 
    from
        menus c1_0 
    where
        c1_0.parent_id=? 
    order by
        c1_0.order_no
Hibernate: 
    select
        c1_0.parent_id,
        c1_0.id,
        c1_0.active,
        c1_0.created_at,
        c1_0.icon,
        c1_0.module,
        c1_0.order_no,
        c1_0.permission_code,
        c1_0.route,
        c1_0.title,
        c1_0.updated_at,
        c1_0.version,
        c1_0.visible 
    from
        menus c1_0 
    where
        c1_0.parent_id=? 
    order by
        c1_0.order_no
Hibernate: 
    select
        c1_0.parent_id,
        c1_0.id,
        c1_0.active,
        c1_0.created_at,
        c1_0.icon,
        c1_0.module,
        c1_0.order_no,
        c1_0.permission_code,
        c1_0.route,
        c1_0.title,
        c1_0.updated_at,
        c1_0.version,
        c1_0.visible 
    from
        menus c1_0 
    where
        c1_0.parent_id=? 
    order by
        c1_0.order_no
Hibernate: 
    select
        c1_0.parent_id,
        c1_0.id,
        c1_0.active,
        c1_0.created_at,
        c1_0.icon,
        c1_0.module,
        c1_0.order_no,
        c1_0.permission_code,
        c1_0.route,
        c1_0.title,
        c1_0.updated_at,
        c1_0.version,
        c1_0.visible 
    from
        menus c1_0 
    where
        c1_0.parent_id=? 
    order by
        c1_0.order_no
Hibernate: 
    select
        c1_0.parent_id,
        c1_0.id,
        c1_0.active,
        c1_0.created_at,
        c1_0.icon,
        c1_0.module,
        c1_0.order_no,
        c1_0.permission_code,
        c1_0.route,
        c1_0.title,
        c1_0.updated_at,
        c1_0.version,
        c1_0.visible 
    from
        menus c1_0 
    where
        c1_0.parent_id=? 
    order by
        c1_0.order_no
Hibernate: 
    select
        c1_0.parent_id,
        c1_0.id,
        c1_0.active,
        c1_0.created_at,
        c1_0.icon,
        c1_0.module,
        c1_0.order_no,
        c1_0.permission_code,
        c1_0.route,
        c1_0.title,
        c1_0.updated_at,
        c1_0.version,
        c1_0.visible 
    from
        menus c1_0 
    where
        c1_0.parent_id=? 
    order by
        c1_0.order_no
Hibernate: 
    select
        c1_0.parent_id,
        c1_0.id,
        c1_0.active,
        c1_0.created_at,
        c1_0.icon,
        c1_0.module,
        c1_0.order_no,
        c1_0.permission_code,
        c1_0.route,
        c1_0.title,
        c1_0.updated_at,
        c1_0.version,
        c1_0.visible 
    from
        menus c1_0 
    where
        c1_0.parent_id=? 
    order by
        c1_0.order_no
Hibernate: 
    select
        c1_0.parent_id,
        c1_0.id,
        c1_0.active,
        c1_0.created_at,
        c1_0.icon,
        c1_0.module,
        c1_0.order_no,
        c1_0.permission_code,
        c1_0.route,
        c1_0.title,
        c1_0.updated_at,
        c1_0.version,
        c1_0.visible 
    from
        menus c1_0 
    where
        c1_0.parent_id=? 
    order by
        c1_0.order_no
Hibernate: 
    select
        c1_0.parent_id,
        c1_0.id,
        c1_0.active,
        c1_0.created_at,
        c1_0.icon,
        c1_0.module,
        c1_0.order_no,
        c1_0.permission_code,
        c1_0.route,
        c1_0.title,
        c1_0.updated_at,
        c1_0.version,
        c1_0.visible 
    from
        menus c1_0 
    where
        c1_0.parent_id=? 
    order by
        c1_0.order_no
Hibernate: 
    select
        c1_0.parent_id,
        c1_0.id,
        c1_0.active,
        c1_0.created_at,
        c1_0.icon,
        c1_0.module,
        c1_0.order_no,
        c1_0.permission_code,
        c1_0.route,
        c1_0.title,
        c1_0.updated_at,
        c1_0.version,
        c1_0.visible 
    from
        menus c1_0 
    where
        c1_0.parent_id=? 
    order by
        c1_0.order_no
Hibernate: 
    select
        c1_0.parent_id,
        c1_0.id,
        c1_0.active,
        c1_0.created_at,
        c1_0.icon,
        c1_0.module,
        c1_0.order_no,
        c1_0.permission_code,
        c1_0.route,
        c1_0.title,
        c1_0.updated_at,
        c1_0.version,
        c1_0.visible 
    from
        menus c1_0 
    where
        c1_0.parent_id=? 
    order by
        c1_0.order_no
Hibernate: 
    select
        c1_0.parent_id,
        c1_0.id,
        c1_0.active,
        c1_0.created_at,
        c1_0.icon,
        c1_0.module,
        c1_0.order_no,
        c1_0.permission_code,
        c1_0.route,
        c1_0.title,
        c1_0.updated_at,
        c1_0.version,
        c1_0.visible 
    from
        menus c1_0 
    where
        c1_0.parent_id=? 
    order by
        c1_0.order_no
Hibernate: 
    select
        c1_0.parent_id,
        c1_0.id,
        c1_0.active,
        c1_0.created_at,
        c1_0.icon,
        c1_0.module,
        c1_0.order_no,
        c1_0.permission_code,
        c1_0.route,
        c1_0.title,
        c1_0.updated_at,
        c1_0.version,
        c1_0.visible 
    from
        menus c1_0 
    where
        c1_0.parent_id=? 
    order by
        c1_0.order_no
Hibernate: 
    select
        c1_0.parent_id,
        c1_0.id,
        c1_0.active,
        c1_0.created_at,
        c1_0.icon,
        c1_0.module,
        c1_0.order_no,
        c1_0.permission_code,
        c1_0.route,
        c1_0.title,
        c1_0.updated_at,
        c1_0.version,
        c1_0.visible 
    from
        menus c1_0 
    where
        c1_0.parent_id=? 
    order by
        c1_0.order_no
Hibernate: 
    select
        c1_0.parent_id,
        c1_0.id,
        c1_0.active,
        c1_0.created_at,
        c1_0.icon,
        c1_0.module,
        c1_0.order_no,
        c1_0.permission_code,
        c1_0.route,
        c1_0.title,
        c1_0.updated_at,
        c1_0.version,
        c1_0.visible 
    from
        menus c1_0 
    where
        c1_0.parent_id=? 
    order by
        c1_0.order_no
Hibernate: 
    select
        c1_0.parent_id,
        c1_0.id,
        c1_0.active,
        c1_0.created_at,
        c1_0.icon,
        c1_0.module,
        c1_0.order_no,
        c1_0.permission_code,
        c1_0.route,
        c1_0.title,
        c1_0.updated_at,
        c1_0.version,
        c1_0.visible 
    from
        menus c1_0 
    where
        c1_0.parent_id=? 
    order by
        c1_0.order_no
Hibernate: 
    select
        c1_0.parent_id,
        c1_0.id,
        c1_0.active,
        c1_0.created_at,
        c1_0.icon,
        c1_0.module,
        c1_0.order_no,
        c1_0.permission_code,
        c1_0.route,
        c1_0.title,
        c1_0.updated_at,
        c1_0.version,
        c1_0.visible 
    from
        menus c1_0 
    where
        c1_0.parent_id=? 
    order by
        c1_0.order_no
Hibernate: 
    select
        c1_0.parent_id,
        c1_0.id,
        c1_0.active,
        c1_0.created_at,
        c1_0.icon,
        c1_0.module,
        c1_0.order_no,
        c1_0.permission_code,
        c1_0.route,
        c1_0.title,
        c1_0.updated_at,
        c1_0.version,
        c1_0.visible 
    from
        menus c1_0 
    where
        c1_0.parent_id=? 
    order by
        c1_0.order_no
Hibernate: 
    select
        c1_0.parent_id,
        c1_0.id,
        c1_0.active,
        c1_0.created_at,
        c1_0.icon,
        c1_0.module,
        c1_0.order_no,
        c1_0.permission_code,
        c1_0.route,
        c1_0.title,
        c1_0.updated_at,
        c1_0.version,
        c1_0.visible 
    from
        menus c1_0 
    where
        c1_0.parent_id=? 
    order by
        c1_0.order_no
Hibernate: 
    select
        c1_0.parent_id,
        c1_0.id,
        c1_0.active,
        c1_0.created_at,
        c1_0.icon,
        c1_0.module,
        c1_0.order_no,
        c1_0.permission_code,
        c1_0.route,
        c1_0.title,
        c1_0.updated_at,
        c1_0.version,
        c1_0.visible 
    from
        menus c1_0 
    where
        c1_0.parent_id=? 
    order by
        c1_0.order_no
Hibernate: 
    select
        c1_0.parent_id,
        c1_0.id,
        c1_0.active,
        c1_0.created_at,
        c1_0.icon,
        c1_0.module,
        c1_0.order_no,
        c1_0.permission_code,
        c1_0.route,
        c1_0.title,
        c1_0.updated_at,
        c1_0.version,
        c1_0.visible 
    from
        menus c1_0 
    where
        c1_0.parent_id=? 
    order by
        c1_0.order_no
Hibernate: 
    select
        c1_0.parent_id,
        c1_0.id,
        c1_0.active,
        c1_0.created_at,
        c1_0.icon,
        c1_0.module,
        c1_0.order_no,
        c1_0.permission_code,
        c1_0.route,
        c1_0.title,
        c1_0.updated_at,
        c1_0.version,
        c1_0.visible 
    from
        menus c1_0 
    where
        c1_0.parent_id=? 
    order by
        c1_0.order_no
Hibernate: 
    select
        c1_0.parent_id,
        c1_0.id,
        c1_0.active,
        c1_0.created_at,
        c1_0.icon,
        c1_0.module,
        c1_0.order_no,
        c1_0.permission_code,
        c1_0.route,
        c1_0.title,
        c1_0.updated_at,
        c1_0.version,
        c1_0.visible 
    from
        menus c1_0 
    where
        c1_0.parent_id=? 
    order by
        c1_0.order_no
Hibernate: 
    select
        c1_0.parent_id,
        c1_0.id,
        c1_0.active,
        c1_0.created_at,
        c1_0.icon,
        c1_0.module,
        c1_0.order_no,
        c1_0.permission_code,
        c1_0.route,
        c1_0.title,
        c1_0.updated_at,
        c1_0.version,
        c1_0.visible 
    from
        menus c1_0 
    where
        c1_0.parent_id=? 
    order by
        c1_0.order_no
Hibernate: 
    select
        c1_0.parent_id,
        c1_0.id,
        c1_0.active,
        c1_0.created_at,
        c1_0.icon,
        c1_0.module,
        c1_0.order_no,
        c1_0.permission_code,
        c1_0.route,
        c1_0.title,
        c1_0.updated_at,
        c1_0.version,
        c1_0.visible 
    from
        menus c1_0 
    where
        c1_0.parent_id=? 
    order by
        c1_0.order_no
Hibernate: 
    select
        c1_0.parent_id,
        c1_0.id,
        c1_0.active,
        c1_0.created_at,
        c1_0.icon,
        c1_0.module,
        c1_0.order_no,
        c1_0.permission_code,
        c1_0.route,
        c1_0.title,
        c1_0.updated_at,
        c1_0.version,
        c1_0.visible 
    from
        menus c1_0 
    where
        c1_0.parent_id=? 
    order by
        c1_0.order_no
Hibernate: 
    select
        c1_0.parent_id,
        c1_0.id,
        c1_0.active,
        c1_0.created_at,
        c1_0.icon,
        c1_0.module,
        c1_0.order_no,
        c1_0.permission_code,
        c1_0.route,
        c1_0.title,
        c1_0.updated_at,
        c1_0.version,
        c1_0.visible 
    from
        menus c1_0 
    where
        c1_0.parent_id=? 
    order by
        c1_0.order_no
Hibernate: 
    select
        c1_0.parent_id,
        c1_0.id,
        c1_0.active,
        c1_0.created_at,
        c1_0.icon,
        c1_0.module,
        c1_0.order_no,
        c1_0.permission_code,
        c1_0.route,
        c1_0.title,
        c1_0.updated_at,
        c1_0.version,
        c1_0.visible 
    from
        menus c1_0 
    where
        c1_0.parent_id=? 
    order by
        c1_0.order_no
Hibernate: 
    select
        c1_0.parent_id,
        c1_0.id,
        c1_0.active,
        c1_0.created_at,
        c1_0.icon,
        c1_0.module,
        c1_0.order_no,
        c1_0.permission_code,
        c1_0.route,
        c1_0.title,
        c1_0.updated_at,
        c1_0.version,
        c1_0.visible 
    from
        menus c1_0 
    where
        c1_0.parent_id=? 
    order by
        c1_0.order_no
Hibernate: 
    select
        c1_0.parent_id,
        c1_0.id,
        c1_0.active,
        c1_0.created_at,
        c1_0.icon,
        c1_0.module,
        c1_0.order_no,
        c1_0.permission_code,
        c1_0.route,
        c1_0.title,
        c1_0.updated_at,
        c1_0.version,
        c1_0.visible 
    from
        menus c1_0 
    where
        c1_0.parent_id=? 
    order by
        c1_0.order_no
Hibernate: 
    select
        c1_0.parent_id,
        c1_0.id,
        c1_0.active,
        c1_0.created_at,
        c1_0.icon,
        c1_0.module,
        c1_0.order_no,
        c1_0.permission_code,
        c1_0.route,
        c1_0.title,
        c1_0.updated_at,
        c1_0.version,
        c1_0.visible 
    from
        menus c1_0 
    where
        c1_0.parent_id=? 
    order by
        c1_0.order_no
Hibernate: 
    select
        c1_0.parent_id,
        c1_0.id,
        c1_0.active,
        c1_0.created_at,
        c1_0.icon,
        c1_0.module,
        c1_0.order_no,
        c1_0.permission_code,
        c1_0.route,
        c1_0.title,
        c1_0.updated_at,
        c1_0.version,
        c1_0.visible 
    from
        menus c1_0 
    where
        c1_0.parent_id=? 
    order by
        c1_0.order_no
Hibernate: 
    select
        c1_0.parent_id,
        c1_0.id,
        c1_0.active,
        c1_0.created_at,
        c1_0.icon,
        c1_0.module,
        c1_0.order_no,
        c1_0.permission_code,
        c1_0.route,
        c1_0.title,
        c1_0.updated_at,
        c1_0.version,
        c1_0.visible 
    from
        menus c1_0 
    where
        c1_0.parent_id=? 
    order by
        c1_0.order_no
Hibernate: 
    select
        c1_0.parent_id,
        c1_0.id,
        c1_0.active,
        c1_0.created_at,
        c1_0.icon,
        c1_0.module,
        c1_0.order_no,
        c1_0.permission_code,
        c1_0.route,
        c1_0.title,
        c1_0.updated_at,
        c1_0.version,
        c1_0.visible 
    from
        menus c1_0 
    where
        c1_0.parent_id=? 
    order by
        c1_0.order_no
Hibernate: 
    select
        c1_0.parent_id,
        c1_0.id,
        c1_0.active,
        c1_0.created_at,
        c1_0.icon,
        c1_0.module,
        c1_0.order_no,
        c1_0.permission_code,
        c1_0.route,
        c1_0.title,
        c1_0.updated_at,
        c1_0.version,
        c1_0.visible 
    from
        menus c1_0 
    where
        c1_0.parent_id=? 
    order by
        c1_0.order_no
Hibernate: 
    select
        c1_0.parent_id,
        c1_0.id,
        c1_0.active,
        c1_0.created_at,
        c1_0.icon,
        c1_0.module,
        c1_0.order_no,
        c1_0.permission_code,
        c1_0.route,
        c1_0.title,
        c1_0.updated_at,
        c1_0.version,
        c1_0.visible 
    from
        menus c1_0 
    where
        c1_0.parent_id=? 
    order by
        c1_0.order_no
Hibernate: 
    select
        c1_0.parent_id,
        c1_0.id,
        c1_0.active,
        c1_0.created_at,
        c1_0.icon,
        c1_0.module,
        c1_0.order_no,
        c1_0.permission_code,
        c1_0.route,
        c1_0.title,
        c1_0.updated_at,
        c1_0.version,
        c1_0.visible 
    from
        menus c1_0 
    where
        c1_0.parent_id=? 
    order by
        c1_0.order_no
Hibernate: 
    select
        c1_0.parent_id,
        c1_0.id,
        c1_0.active,
        c1_0.created_at,
        c1_0.icon,
        c1_0.module,
        c1_0.order_no,
        c1_0.permission_code,
        c1_0.route,
        c1_0.title,
        c1_0.updated_at,
        c1_0.version,
        c1_0.visible 
    from
        menus c1_0 
    where
        c1_0.parent_id=? 
    order by
        c1_0.order_no
Hibernate: 
    select
        c1_0.parent_id,
        c1_0.id,
        c1_0.active,
        c1_0.created_at,
        c1_0.icon,
        c1_0.module,
        c1_0.order_no,
        c1_0.permission_code,
        c1_0.route,
        c1_0.title,
        c1_0.updated_at,
        c1_0.version,
        c1_0.visible 
    from
        menus c1_0 
    where
        c1_0.parent_id=? 
    order by
        c1_0.order_no
Hibernate: 
    select
        c1_0.parent_id,
        c1_0.id,
        c1_0.active,
        c1_0.created_at,
        c1_0.icon,
        c1_0.module,
        c1_0.order_no,
        c1_0.permission_code,
        c1_0.route,
        c1_0.title,
        c1_0.updated_at,
        c1_0.version,
        c1_0.visible 
    from
        menus c1_0 
    where
        c1_0.parent_id=? 
    order by
        c1_0.order_no
Hibernate: 
    select
        c1_0.parent_id,
        c1_0.id,
        c1_0.active,
        c1_0.created_at,
        c1_0.icon,
        c1_0.module,
        c1_0.order_no,
        c1_0.permission_code,
        c1_0.route,
        c1_0.title,
        c1_0.updated_at,
        c1_0.version,
        c1_0.visible 
    from
        menus c1_0 
    where
        c1_0.parent_id=? 
    order by
        c1_0.order_no
Hibernate: 
    select
        c1_0.parent_id,
        c1_0.id,
        c1_0.active,
        c1_0.created_at,
        c1_0.icon,
        c1_0.module,
        c1_0.order_no,
        c1_0.permission_code,
        c1_0.route,
        c1_0.title,
        c1_0.updated_at,
        c1_0.version,
        c1_0.visible 
    from
        menus c1_0 
    where
        c1_0.parent_id=? 
    order by
        c1_0.order_no
Hibernate: 
    select
        c1_0.parent_id,
        c1_0.id,
        c1_0.active,
        c1_0.created_at,
        c1_0.icon,
        c1_0.module,
        c1_0.order_no,
        c1_0.permission_code,
        c1_0.route,
        c1_0.title,
        c1_0.updated_at,
        c1_0.version,
        c1_0.visible 
    from
        menus c1_0 
    where
        c1_0.parent_id=? 
    order by
        c1_0.order_no
Hibernate: 
    select
        c1_0.parent_id,
        c1_0.id,
        c1_0.active,
        c1_0.created_at,
        c1_0.icon,
        c1_0.module,
        c1_0.order_no,
        c1_0.permission_code,
        c1_0.route,
        c1_0.title,
        c1_0.updated_at,
        c1_0.version,
        c1_0.visible 
    from
        menus c1_0 
    where
        c1_0.parent_id=? 
    order by
        c1_0.order_no
Hibernate: 
    select
        c1_0.parent_id,
        c1_0.id,
        c1_0.active,
        c1_0.created_at,
        c1_0.icon,
        c1_0.module,
        c1_0.order_no,
        c1_0.permission_code,
        c1_0.route,
        c1_0.title,
        c1_0.updated_at,
        c1_0.version,
        c1_0.visible 
    from
        menus c1_0 
    where
        c1_0.parent_id=? 
    order by
        c1_0.order_no
Hibernate: 
    select
        c1_0.parent_id,
        c1_0.id,
        c1_0.active,
        c1_0.created_at,
        c1_0.icon,
        c1_0.module,
        c1_0.order_no,
        c1_0.permission_code,
        c1_0.route,
        c1_0.title,
        c1_0.updated_at,
        c1_0.version,
        c1_0.visible 
    from
        menus c1_0 
    where
        c1_0.parent_id=? 
    order by
        c1_0.order_no
Hibernate: 
    select
        c1_0.parent_id,
        c1_0.id,
        c1_0.active,
        c1_0.created_at,
        c1_0.icon,
        c1_0.module,
        c1_0.order_no,
        c1_0.permission_code,
        c1_0.route,
        c1_0.title,
        c1_0.updated_at,
        c1_0.version,
        c1_0.visible 
    from
        menus c1_0 
    where
        c1_0.parent_id=? 
    order by
        c1_0.order_no
Hibernate: 
    select
        c1_0.parent_id,
        c1_0.id,
        c1_0.active,
        c1_0.created_at,
        c1_0.icon,
        c1_0.module,
        c1_0.order_no,
        c1_0.permission_code,
        c1_0.route,
        c1_0.title,
        c1_0.updated_at,
        c1_0.version,
        c1_0.visible 
    from
        menus c1_0 
    where
        c1_0.parent_id=? 
    order by
        c1_0.order_no
Hibernate: 
    select
        c1_0.parent_id,
        c1_0.id,
        c1_0.active,
        c1_0.created_at,
        c1_0.icon,
        c1_0.module,
        c1_0.order_no,
        c1_0.permission_code,
        c1_0.route,
        c1_0.title,
        c1_0.updated_at,
        c1_0.version,
        c1_0.visible 
    from
        menus c1_0 
    where
        c1_0.parent_id=? 
    order by
        c1_0.order_no
Hibernate: 
    select
        c1_0.parent_id,
        c1_0.id,
        c1_0.active,
        c1_0.created_at,
        c1_0.icon,
        c1_0.module,
        c1_0.order_no,
        c1_0.permission_code,
        c1_0.route,
        c1_0.title,
        c1_0.updated_at,
        c1_0.version,
        c1_0.visible 
    from
        menus c1_0 
    where
        c1_0.parent_id=? 
    order by
        c1_0.order_no
Hibernate: 
    select
        c1_0.parent_id,
        c1_0.id,
        c1_0.active,
        c1_0.created_at,
        c1_0.icon,
        c1_0.module,
        c1_0.order_no,
        c1_0.permission_code,
        c1_0.route,
        c1_0.title,
        c1_0.updated_at,
        c1_0.version,
        c1_0.visible 
    from
        menus c1_0 
    where
        c1_0.parent_id=? 
    order by
        c1_0.order_no
Hibernate: 
    select
        c1_0.parent_id,
        c1_0.id,
        c1_0.active,
        c1_0.created_at,
        c1_0.icon,
        c1_0.module,
        c1_0.order_no,
        c1_0.permission_code,
        c1_0.route,
        c1_0.title,
        c1_0.updated_at,
        c1_0.version,
        c1_0.visible 
    from
        menus c1_0 
    where
        c1_0.parent_id=? 
    order by
        c1_0.order_no
Hibernate: 
    select
        c1_0.parent_id,
        c1_0.id,
        c1_0.active,
        c1_0.created_at,
        c1_0.icon,
        c1_0.module,
        c1_0.order_no,
        c1_0.permission_code,
        c1_0.route,
        c1_0.title,
        c1_0.updated_at,
        c1_0.version,
        c1_0.visible 
    from
        menus c1_0 
    where
        c1_0.parent_id=? 
    order by
        c1_0.order_no
Hibernate: 
    select
        c1_0.parent_id,
        c1_0.id,
        c1_0.active,
        c1_0.created_at,
        c1_0.icon,
        c1_0.module,
        c1_0.order_no,
        c1_0.permission_code,
        c1_0.route,
        c1_0.title,
        c1_0.updated_at,
        c1_0.version,
        c1_0.visible 
    from
        menus c1_0 
    where
        c1_0.parent_id=? 
    order by
        c1_0.order_no
Hibernate: 
    select
        c1_0.parent_id,
        c1_0.id,
        c1_0.active,
        c1_0.created_at,
        c1_0.icon,
        c1_0.module,
        c1_0.order_no,
        c1_0.permission_code,
        c1_0.route,
        c1_0.title,
        c1_0.updated_at,
        c1_0.version,
        c1_0.visible 
    from
        menus c1_0 
    where
        c1_0.parent_id=? 
    order by
        c1_0.order_no
Hibernate: 
    select
        c1_0.parent_id,
        c1_0.id,
        c1_0.active,
        c1_0.created_at,
        c1_0.icon,
        c1_0.module,
        c1_0.order_no,
        c1_0.permission_code,
        c1_0.route,
        c1_0.title,
        c1_0.updated_at,
        c1_0.version,
        c1_0.visible 
    from
        menus c1_0 
    where
        c1_0.parent_id=? 
    order by
        c1_0.order_no
Hibernate: 
    select
        c1_0.parent_id,
        c1_0.id,
        c1_0.active,
        c1_0.created_at,
        c1_0.icon,
        c1_0.module,
        c1_0.order_no,
        c1_0.permission_code,
        c1_0.route,
        c1_0.title,
        c1_0.updated_at,
        c1_0.version,
        c1_0.visible 
    from
        menus c1_0 
    where
        c1_0.parent_id=? 
    order by
        c1_0.order_no
Hibernate: 
    select
        c1_0.parent_id,
        c1_0.id,
        c1_0.active,
        c1_0.created_at,
        c1_0.icon,
        c1_0.module,
        c1_0.order_no,
        c1_0.permission_code,
        c1_0.route,
        c1_0.title,
        c1_0.updated_at,
        c1_0.version,
        c1_0.visible 
    from
        menus c1_0 
    where
        c1_0.parent_id=? 
    order by
        c1_0.order_no
Hibernate: 
    select
        c1_0.parent_id,
        c1_0.id,
        c1_0.active,
        c1_0.created_at,
        c1_0.icon,
        c1_0.module,
        c1_0.order_no,
        c1_0.permission_code,
        c1_0.route,
        c1_0.title,
        c1_0.updated_at,
        c1_0.version,
        c1_0.visible 
    from
        menus c1_0 
    where
        c1_0.parent_id=? 
    order by
        c1_0.order_no
Hibernate: 
    select
        c1_0.parent_id,
        c1_0.id,
        c1_0.active,
        c1_0.created_at,
        c1_0.icon,
        c1_0.module,
        c1_0.order_no,
        c1_0.permission_code,
        c1_0.route,
        c1_0.title,
        c1_0.updated_at,
        c1_0.version,
        c1_0.visible 
    from
        menus c1_0 
    where
        c1_0.parent_id=? 
    order by
        c1_0.order_no
Hibernate: 
    select
        c1_0.parent_id,
        c1_0.id,
        c1_0.active,
        c1_0.created_at,
        c1_0.icon,
        c1_0.module,
        c1_0.order_no,
        c1_0.permission_code,
        c1_0.route,
        c1_0.title,
        c1_0.updated_at,
        c1_0.version,
        c1_0.visible 
    from
        menus c1_0 
    where
        c1_0.parent_id=? 
    order by
        c1_0.order_no
Hibernate: 
    select
        c1_0.parent_id,
        c1_0.id,
        c1_0.active,
        c1_0.created_at,
        c1_0.icon,
        c1_0.module,
        c1_0.order_no,
        c1_0.permission_code,
        c1_0.route,
        c1_0.title,
        c1_0.updated_at,
        c1_0.version,
        c1_0.visible 
    from
        menus c1_0 
    where
        c1_0.parent_id=? 
    order by
        c1_0.order_no
Hibernate: 
    select
        c1_0.parent_id,
        c1_0.id,
        c1_0.active,
        c1_0.created_at,
        c1_0.icon,
        c1_0.module,
        c1_0.order_no,
        c1_0.permission_code,
        c1_0.route,
        c1_0.title,
        c1_0.updated_at,
        c1_0.version,
        c1_0.visible 
    from
        menus c1_0 
    where
        c1_0.parent_id=? 
    order by
        c1_0.order_no
Hibernate: 
    select
        c1_0.parent_id,
        c1_0.id,
        c1_0.active,
        c1_0.created_at,
        c1_0.icon,
        c1_0.module,
        c1_0.order_no,
        c1_0.permission_code,
        c1_0.route,
        c1_0.title,
        c1_0.updated_at,
        c1_0.version,
        c1_0.visible 
    from
        menus c1_0 
    where
        c1_0.parent_id=? 
    order by
        c1_0.order_no
Hibernate: 
    select
        c1_0.parent_id,
        c1_0.id,
        c1_0.active,
        c1_0.created_at,
        c1_0.icon,
        c1_0.module,
        c1_0.order_no,
        c1_0.permission_code,
        c1_0.route,
        c1_0.title,
        c1_0.updated_at,
        c1_0.version,
        c1_0.visible 
    from
        menus c1_0 
    where
        c1_0.parent_id=? 
    order by
        c1_0.order_no
Hibernate: 
    select
        c1_0.parent_id,
        c1_0.id,
        c1_0.active,
        c1_0.created_at,
        c1_0.icon,
        c1_0.module,
        c1_0.order_no,
        c1_0.permission_code,
        c1_0.route,
        c1_0.title,
        c1_0.updated_at,
        c1_0.version,
        c1_0.visible 
    from
        menus c1_0 
    where
        c1_0.parent_id=? 
    order by
        c1_0.order_no
Hibernate: 
    select
        c1_0.parent_id,
        c1_0.id,
        c1_0.active,
        c1_0.created_at,
        c1_0.icon,
        c1_0.module,
        c1_0.order_no,
        c1_0.permission_code,
        c1_0.route,
        c1_0.title,
        c1_0.updated_at,
        c1_0.version,
        c1_0.visible 
    from
        menus c1_0 
    where
        c1_0.parent_id=? 
    order by
        c1_0.order_no
Hibernate: 
    select
        c1_0.parent_id,
        c1_0.id,
        c1_0.active,
        c1_0.created_at,
        c1_0.icon,
        c1_0.module,
        c1_0.order_no,
        c1_0.permission_code,
        c1_0.route,
        c1_0.title,
        c1_0.updated_at,
        c1_0.version,
        c1_0.visible 
    from
        menus c1_0 
    where
        c1_0.parent_id=? 
    order by
        c1_0.order_no
Hibernate: 
    select
        c1_0.parent_id,
        c1_0.id,
        c1_0.active,
        c1_0.created_at,
        c1_0.icon,
        c1_0.module,
        c1_0.order_no,
        c1_0.permission_code,
        c1_0.route,
        c1_0.title,
        c1_0.updated_at,
        c1_0.version,
        c1_0.visible 
    from
        menus c1_0 
    where
        c1_0.parent_id=? 
    order by
        c1_0.order_no
Hibernate: 
    select
        c1_0.parent_id,
        c1_0.id,
        c1_0.active,
        c1_0.created_at,
        c1_0.icon,
        c1_0.module,
        c1_0.order_no,
        c1_0.permission_code,
        c1_0.route,
        c1_0.title,
        c1_0.updated_at,
        c1_0.version,
        c1_0.visible 
    from
        menus c1_0 
    where
        c1_0.parent_id=? 
    order by
        c1_0.order_no
Hibernate: 
    select
        c1_0.parent_id,
        c1_0.id,
        c1_0.active,
        c1_0.created_at,
        c1_0.icon,
        c1_0.module,
        c1_0.order_no,
        c1_0.permission_code,
        c1_0.route,
        c1_0.title,
        c1_0.updated_at,
        c1_0.version,
        c1_0.visible 
    from
        menus c1_0 
    where
        c1_0.parent_id=? 
    order by
        c1_0.order_no
Hibernate: 
    select
        c1_0.parent_id,
        c1_0.id,
        c1_0.active,
        c1_0.created_at,
        c1_0.icon,
        c1_0.module,
        c1_0.order_no,
        c1_0.permission_code,
        c1_0.route,
        c1_0.title,
        c1_0.updated_at,
        c1_0.version,
        c1_0.visible 
    from
        menus c1_0 
    where
        c1_0.parent_id=? 
    order by
        c1_0.order_no
Hibernate: 
    select
        c1_0.parent_id,
        c1_0.id,
        c1_0.active,
        c1_0.created_at,
        c1_0.icon,
        c1_0.module,
        c1_0.order_no,
        c1_0.permission_code,
        c1_0.route,
        c1_0.title,
        c1_0.updated_at,
        c1_0.version,
        c1_0.visible 
    from
        menus c1_0 
    where
        c1_0.parent_id=? 
    order by
        c1_0.order_no
Hibernate: 
    select
        c1_0.parent_id,
        c1_0.id,
        c1_0.active,
        c1_0.created_at,
        c1_0.icon,
        c1_0.module,
        c1_0.order_no,
        c1_0.permission_code,
        c1_0.route,
        c1_0.title,
        c1_0.updated_at,
        c1_0.version,
        c1_0.visible 
    from
        menus c1_0 
    where
        c1_0.parent_id=? 
    order by
        c1_0.order_no
Hibernate: 
    select
        c1_0.parent_id,
        c1_0.id,
        c1_0.active,
        c1_0.created_at,
        c1_0.icon,
        c1_0.module,
        c1_0.order_no,
        c1_0.permission_code,
        c1_0.route,
        c1_0.title,
        c1_0.updated_at,
        c1_0.version,
        c1_0.visible 
    from
        menus c1_0 
    where
        c1_0.parent_id=? 
    order by
        c1_0.order_no
Hibernate: 
    select
        c1_0.parent_id,
        c1_0.id,
        c1_0.active,
        c1_0.created_at,
        c1_0.icon,
        c1_0.module,
        c1_0.order_no,
        c1_0.permission_code,
        c1_0.route,
        c1_0.title,
        c1_0.updated_at,
        c1_0.version,
        c1_0.visible 
    from
        menus c1_0 
    where
        c1_0.parent_id=? 
    order by
        c1_0.order_no
Hibernate: 
    select
        c1_0.parent_id,
        c1_0.id,
        c1_0.active,
        c1_0.created_at,
        c1_0.icon,
        c1_0.module,
        c1_0.order_no,
        c1_0.permission_code,
        c1_0.route,
        c1_0.title,
        c1_0.updated_at,
        c1_0.version,
        c1_0.visible 
    from
        menus c1_0 
    where
        c1_0.parent_id=? 
    order by
        c1_0.order_no
Hibernate: 
    select
        c1_0.parent_id,
        c1_0.id,
        c1_0.active,
        c1_0.created_at,
        c1_0.icon,
        c1_0.module,
        c1_0.order_no,
        c1_0.permission_code,
        c1_0.route,
        c1_0.title,
        c1_0.updated_at,
        c1_0.version,
        c1_0.visible 
    from
        menus c1_0 
    where
        c1_0.parent_id=? 
    order by
        c1_0.order_no
Hibernate: 
    select
        c1_0.parent_id,
        c1_0.id,
        c1_0.active,
        c1_0.created_at,
        c1_0.icon,
        c1_0.module,
        c1_0.order_no,
        c1_0.permission_code,
        c1_0.route,
        c1_0.title,
        c1_0.updated_at,
        c1_0.version,
        c1_0.visible 
    from
        menus c1_0 
    where
        c1_0.parent_id=? 
    order by
        c1_0.order_no
Hibernate: 
    select
        c1_0.parent_id,
        c1_0.id,
        c1_0.active,
        c1_0.created_at,
        c1_0.icon,
        c1_0.module,
        c1_0.order_no,
        c1_0.permission_code,
        c1_0.route,
        c1_0.title,
        c1_0.updated_at,
        c1_0.version,
        c1_0.visible 
    from
        menus c1_0 
    where
        c1_0.parent_id=? 
    order by
        c1_0.order_no
Hibernate: 
    select
        c1_0.parent_id,
        c1_0.id,
        c1_0.active,
        c1_0.created_at,
        c1_0.icon,
        c1_0.module,
        c1_0.order_no,
        c1_0.permission_code,
        c1_0.route,
        c1_0.title,
        c1_0.updated_at,
        c1_0.version,
        c1_0.visible 
    from
        menus c1_0 
    where
        c1_0.parent_id=? 
    order by
        c1_0.order_no
Hibernate: 
    select
        c1_0.parent_id,
        c1_0.id,
        c1_0.active,
        c1_0.created_at,
        c1_0.icon,
        c1_0.module,
        c1_0.order_no,
        c1_0.permission_code,
        c1_0.route,
        c1_0.title,
        c1_0.updated_at,
        c1_0.version,
        c1_0.visible 
    from
        menus c1_0 
    where
        c1_0.parent_id=? 
    order by
        c1_0.order_no
Hibernate: 
    select
        c1_0.parent_id,
        c1_0.id,
        c1_0.active,
        c1_0.created_at,
        c1_0.icon,
        c1_0.module,
        c1_0.order_no,
        c1_0.permission_code,
        c1_0.route,
        c1_0.title,
        c1_0.updated_at,
        c1_0.version,
        c1_0.visible 
    from
        menus c1_0 
    where
        c1_0.parent_id=? 
    order by
        c1_0.order_no
Hibernate: 
    select
        c1_0.parent_id,
        c1_0.id,
        c1_0.active,
        c1_0.created_at,
        c1_0.icon,
        c1_0.module,
        c1_0.order_no,
        c1_0.permission_code,
        c1_0.route,
        c1_0.title,
        c1_0.updated_at,
        c1_0.version,
        c1_0.visible 
    from
        menus c1_0 
    where
        c1_0.parent_id=? 
    order by
        c1_0.order_no
Hibernate: 
    select
        c1_0.parent_id,
        c1_0.id,
        c1_0.active,
        c1_0.created_at,
        c1_0.icon,
        c1_0.module,
        c1_0.order_no,
        c1_0.permission_code,
        c1_0.route,
        c1_0.title,
        c1_0.updated_at,
        c1_0.version,
        c1_0.visible 
    from
        menus c1_0 
    where
        c1_0.parent_id=? 
    order by
        c1_0.order_no
Hibernate: 
    select
        c1_0.parent_id,
        c1_0.id,
        c1_0.active,
        c1_0.created_at,
        c1_0.icon,
        c1_0.module,
        c1_0.order_no,
        c1_0.permission_code,
        c1_0.route,
        c1_0.title,
        c1_0.updated_at,
        c1_0.version,
        c1_0.visible 
    from
        menus c1_0 
    where
        c1_0.parent_id=? 
    order by
        c1_0.order_no
Hibernate: 
    select
        c1_0.parent_id,
        c1_0.id,
        c1_0.active,
        c1_0.created_at,
        c1_0.icon,
        c1_0.module,
        c1_0.order_no,
        c1_0.permission_code,
        c1_0.route,
        c1_0.title,
        c1_0.updated_at,
        c1_0.version,
        c1_0.visible 
    from
        menus c1_0 
    where
        c1_0.parent_id=? 
    order by
        c1_0.order_no
Hibernate: 
    select
        c1_0.parent_id,
        c1_0.id,
        c1_0.active,
        c1_0.created_at,
        c1_0.icon,
        c1_0.module,
        c1_0.order_no,
        c1_0.permission_code,
        c1_0.route,
        c1_0.title,
        c1_0.updated_at,
        c1_0.version,
        c1_0.visible 
    from
        menus c1_0 
    where
        c1_0.parent_id=? 
    order by
        c1_0.order_no
Hibernate: 
    select
        c1_0.parent_id,
        c1_0.id,
        c1_0.active,
        c1_0.created_at,
        c1_0.icon,
        c1_0.module,
        c1_0.order_no,
        c1_0.permission_code,
        c1_0.route,
        c1_0.title,
        c1_0.updated_at,
        c1_0.version,
        c1_0.visible 
    from
        menus c1_0 
    where
        c1_0.parent_id=? 
    order by
        c1_0.order_no
Hibernate: 
    select
        c1_0.parent_id,
        c1_0.id,
        c1_0.active,
        c1_0.created_at,
        c1_0.icon,
        c1_0.module,
        c1_0.order_no,
        c1_0.permission_code,
        c1_0.route,
        c1_0.title,
        c1_0.updated_at,
        c1_0.version,
        c1_0.visible 
    from
        menus c1_0 
    where
        c1_0.parent_id=? 
    order by
        c1_0.order_no
Hibernate: 
    select
        c1_0.parent_id,
        c1_0.id,
        c1_0.active,
        c1_0.created_at,
        c1_0.icon,
        c1_0.module,
        c1_0.order_no,
        c1_0.permission_code,
        c1_0.route,
        c1_0.title,
        c1_0.updated_at,
        c1_0.version,
        c1_0.visible 
    from
        menus c1_0 
    where
        c1_0.parent_id=? 
    order by
        c1_0.order_no
Hibernate: 
    select
        c1_0.parent_id,
        c1_0.id,
        c1_0.active,
        c1_0.created_at,
        c1_0.icon,
        c1_0.module,
        c1_0.order_no,
        c1_0.permission_code,
        c1_0.route,
        c1_0.title,
        c1_0.updated_at,
        c1_0.version,
        c1_0.visible 
    from
        menus c1_0 
    where
        c1_0.parent_id=? 
    order by
        c1_0.order_no
Hibernate: 
    select
        c1_0.parent_id,
        c1_0.id,
        c1_0.active,
        c1_0.created_at,
        c1_0.icon,
        c1_0.module,
        c1_0.order_no,
        c1_0.permission_code,
        c1_0.route,
        c1_0.title,
        c1_0.updated_at,
        c1_0.version,
        c1_0.visible 
    from
        menus c1_0 
    where
        c1_0.parent_id=? 
    order by
        c1_0.order_no
Hibernate: 
    select
        c1_0.parent_id,
        c1_0.id,
        c1_0.active,
        c1_0.created_at,
        c1_0.icon,
        c1_0.module,
        c1_0.order_no,
        c1_0.permission_code,
        c1_0.route,
        c1_0.title,
        c1_0.updated_at,
        c1_0.version,
        c1_0.visible 
    from
        menus c1_0 
    where
        c1_0.parent_id=? 
    order by
        c1_0.order_no
Hibernate: 
    select
        c1_0.parent_id,
        c1_0.id,
        c1_0.active,
        c1_0.created_at,
        c1_0.icon,
        c1_0.module,
        c1_0.order_no,
        c1_0.permission_code,
        c1_0.route,
        c1_0.title,
        c1_0.updated_at,
        c1_0.version,
        c1_0.visible 
    from
        menus c1_0 
    where
        c1_0.parent_id=? 
    order by
        c1_0.order_no
Hibernate: 
    select
        c1_0.parent_id,
        c1_0.id,
        c1_0.active,
        c1_0.created_at,
        c1_0.icon,
        c1_0.module,
        c1_0.order_no,
        c1_0.permission_code,
        c1_0.route,
        c1_0.title,
        c1_0.updated_at,
        c1_0.version,
        c1_0.visible 
    from
        menus c1_0 
    where
        c1_0.parent_id=? 
    order by
        c1_0.order_no
Hibernate: 
    select
        c1_0.parent_id,
        c1_0.id,
        c1_0.active,
        c1_0.created_at,
        c1_0.icon,
        c1_0.module,
        c1_0.order_no,
        c1_0.permission_code,
        c1_0.route,
        c1_0.title,
        c1_0.updated_at,
        c1_0.version,
        c1_0.visible 
    from
        menus c1_0 
    where
        c1_0.parent_id=? 
    order by
        c1_0.order_no
Hibernate: 
    select
        c1_0.parent_id,
        c1_0.id,
        c1_0.active,
        c1_0.created_at,
        c1_0.icon,
        c1_0.module,
        c1_0.order_no,
        c1_0.permission_code,
        c1_0.route,
        c1_0.title,
        c1_0.updated_at,
        c1_0.version,
        c1_0.visible 
    from
        menus c1_0 
    where
        c1_0.parent_id=? 
    order by
        c1_0.order_no
Hibernate: 
    select
        c1_0.parent_id,
        c1_0.id,
        c1_0.active,
        c1_0.created_at,
        c1_0.icon,
        c1_0.module,
        c1_0.order_no,
        c1_0.permission_code,
        c1_0.route,
        c1_0.title,
        c1_0.updated_at,
        c1_0.version,
        c1_0.visible 
    from
        menus c1_0 
    where
        c1_0.parent_id=? 
    order by
        c1_0.order_no
Hibernate: 
    select
        c1_0.parent_id,
        c1_0.id,
        c1_0.active,
        c1_0.created_at,
        c1_0.icon,
        c1_0.module,
        c1_0.order_no,
        c1_0.permission_code,
        c1_0.route,
        c1_0.title,
        c1_0.updated_at,
        c1_0.version,
        c1_0.visible 
    from
        menus c1_0 
    where
        c1_0.parent_id=? 
    order by
        c1_0.order_no
Hibernate: 
    select
        c1_0.parent_id,
        c1_0.id,
        c1_0.active,
        c1_0.created_at,
        c1_0.icon,
        c1_0.module,
        c1_0.order_no,
        c1_0.permission_code,
        c1_0.route,
        c1_0.title,
        c1_0.updated_at,
        c1_0.version,
        c1_0.visible 
    from
        menus c1_0 
    where
        c1_0.parent_id=? 
    order by
        c1_0.order_no
Hibernate: 
    select
        c1_0.parent_id,
        c1_0.id,
        c1_0.active,
        c1_0.created_at,
        c1_0.icon,
        c1_0.module,
        c1_0.order_no,
        c1_0.permission_code,
        c1_0.route,
        c1_0.title,
        c1_0.updated_at,
        c1_0.version,
        c1_0.visible 
    from
        menus c1_0 
    where
        c1_0.parent_id=? 
    order by
        c1_0.order_no
Hibernate: 
    select
        c1_0.parent_id,
        c1_0.id,
        c1_0.active,
        c1_0.created_at,
        c1_0.icon,
        c1_0.module,
        c1_0.order_no,
        c1_0.permission_code,
        c1_0.route,
        c1_0.title,
        c1_0.updated_at,
        c1_0.version,
        c1_0.visible 
    from
        menus c1_0 
    where
        c1_0.parent_id=? 
    order by
        c1_0.order_no
Hibernate: 
    select
        c1_0.parent_id,
        c1_0.id,
        c1_0.active,
        c1_0.created_at,
        c1_0.icon,
        c1_0.module,
        c1_0.order_no,
        c1_0.permission_code,
        c1_0.route,
        c1_0.title,
        c1_0.updated_at,
        c1_0.version,
        c1_0.visible 
    from
        menus c1_0 
    where
        c1_0.parent_id=? 
    order by
        c1_0.order_no
Hibernate: 
    select
        c1_0.parent_id,
        c1_0.id,
        c1_0.active,
        c1_0.created_at,
        c1_0.icon,
        c1_0.module,
        c1_0.order_no,
        c1_0.permission_code,
        c1_0.route,
        c1_0.title,
        c1_0.updated_at,
        c1_0.version,
        c1_0.visible 
    from
        menus c1_0 
    where
        c1_0.parent_id=? 
    order by
        c1_0.order_no
Hibernate: 
    select
        c1_0.parent_id,
        c1_0.id,
        c1_0.active,
        c1_0.created_at,
        c1_0.icon,
        c1_0.module,
        c1_0.order_no,
        c1_0.permission_code,
        c1_0.route,
        c1_0.title,
        c1_0.updated_at,
        c1_0.version,
        c1_0.visible 
    from
        menus c1_0 
    where
        c1_0.parent_id=? 
    order by
        c1_0.order_no
Hibernate: 
    select
        c1_0.parent_id,
        c1_0.id,
        c1_0.active,
        c1_0.created_at,
        c1_0.icon,
        c1_0.module,
        c1_0.order_no,
        c1_0.permission_code,
        c1_0.route,
        c1_0.title,
        c1_0.updated_at,
        c1_0.version,
        c1_0.visible 
    from
        menus c1_0 
    where
        c1_0.parent_id=? 
    order by
        c1_0.order_no
Hibernate: 
    select
        c1_0.parent_id,
        c1_0.id,
        c1_0.active,
        c1_0.created_at,
        c1_0.icon,
        c1_0.module,
        c1_0.order_no,
        c1_0.permission_code,
        c1_0.route,
        c1_0.title,
        c1_0.updated_at,
        c1_0.version,
        c1_0.visible 
    from
        menus c1_0 
    where
        c1_0.parent_id=? 
    order by
        c1_0.order_no
Hibernate: 
    select
        c1_0.parent_id,
        c1_0.id,
        c1_0.active,
        c1_0.created_at,
        c1_0.icon,
        c1_0.module,
        c1_0.order_no,
        c1_0.permission_code,
        c1_0.route,
        c1_0.title,
        c1_0.updated_at,
        c1_0.version,
        c1_0.visible 
    from
        menus c1_0 
    where
        c1_0.parent_id=? 
    order by
        c1_0.order_no
Hibernate: 
    select
        c1_0.parent_id,
        c1_0.id,
        c1_0.active,
        c1_0.created_at,
        c1_0.icon,
        c1_0.module,
        c1_0.order_no,
        c1_0.permission_code,
        c1_0.route,
        c1_0.title,
        c1_0.updated_at,
        c1_0.version,
        c1_0.visible 
    from
        menus c1_0 
    where
        c1_0.parent_id=? 
    order by
        c1_0.order_no
Hibernate: 
    select
        c1_0.parent_id,
        c1_0.id,
        c1_0.active,
        c1_0.created_at,
        c1_0.icon,
        c1_0.module,
        c1_0.order_no,
        c1_0.permission_code,
        c1_0.route,
        c1_0.title,
        c1_0.updated_at,
        c1_0.version,
        c1_0.visible 
    from
        menus c1_0 
    where
        c1_0.parent_id=? 
    order by
        c1_0.order_no
Hibernate: 
    select
        c1_0.parent_id,
        c1_0.id,
        c1_0.active,
        c1_0.created_at,
        c1_0.icon,
        c1_0.module,
        c1_0.order_no,
        c1_0.permission_code,
        c1_0.route,
        c1_0.title,
        c1_0.updated_at,
        c1_0.version,
        c1_0.visible 
    from
        menus c1_0 
    where
        c1_0.parent_id=? 
    order by
        c1_0.order_no
Hibernate: 
    select
        c1_0.parent_id,
        c1_0.id,
        c1_0.active,
        c1_0.created_at,
        c1_0.icon,
        c1_0.module,
        c1_0.order_no,
        c1_0.permission_code,
        c1_0.route,
        c1_0.title,
        c1_0.updated_at,
        c1_0.version,
        c1_0.visible 
    from
        menus c1_0 
    where
        c1_0.parent_id=? 
    order by
        c1_0.order_no
Hibernate: 
    select
        c1_0.parent_id,
        c1_0.id,
        c1_0.active,
        c1_0.created_at,
        c1_0.icon,
        c1_0.module,
        c1_0.order_no,
        c1_0.permission_code,
        c1_0.route,
        c1_0.title,
        c1_0.updated_at,
        c1_0.version,
        c1_0.visible 
    from
        menus c1_0 
    where
        c1_0.parent_id=? 
    order by
        c1_0.order_no
Hibernate: 
    select
        c1_0.parent_id,
        c1_0.id,
        c1_0.active,
        c1_0.created_at,
        c1_0.icon,
        c1_0.module,
        c1_0.order_no,
        c1_0.permission_code,
        c1_0.route,
        c1_0.title,
        c1_0.updated_at,
        c1_0.version,
        c1_0.visible 
    from
        menus c1_0 
    where
        c1_0.parent_id=? 
    order by
        c1_0.order_no
Hibernate: 
    select
        c1_0.parent_id,
        c1_0.id,
        c1_0.active,
        c1_0.created_at,
        c1_0.icon,
        c1_0.module,
        c1_0.order_no,
        c1_0.permission_code,
        c1_0.route,
        c1_0.title,
        c1_0.updated_at,
        c1_0.version,
        c1_0.visible 
    from
        menus c1_0 
    where
        c1_0.parent_id=? 
    order by
        c1_0.order_no
Hibernate: 
    select
        c1_0.parent_id,
        c1_0.id,
        c1_0.active,
        c1_0.created_at,
        c1_0.icon,
        c1_0.module,
        c1_0.order_no,
        c1_0.permission_code,
        c1_0.route,
        c1_0.title,
        c1_0.updated_at,
        c1_0.version,
        c1_0.visible 
    from
        menus c1_0 
    where
        c1_0.parent_id=? 
    order by
        c1_0.order_no
Hibernate: 
    select
        c1_0.parent_id,
        c1_0.id,
        c1_0.active,
        c1_0.created_at,
        c1_0.icon,
        c1_0.module,
        c1_0.order_no,
        c1_0.permission_code,
        c1_0.route,
        c1_0.title,
        c1_0.updated_at,
        c1_0.version,
        c1_0.visible 
    from
        menus c1_0 
    where
        c1_0.parent_id=? 
    order by
        c1_0.order_no
Hibernate: 
    select
        c1_0.parent_id,
        c1_0.id,
        c1_0.active,
        c1_0.created_at,
        c1_0.icon,
        c1_0.module,
        c1_0.order_no,
        c1_0.permission_code,
        c1_0.route,
        c1_0.title,
        c1_0.updated_at,
        c1_0.version,
        c1_0.visible 
    from
        menus c1_0 
    where
        c1_0.parent_id=? 
    order by
        c1_0.order_no
Hibernate: 
    select
        c1_0.parent_id,
        c1_0.id,
        c1_0.active,
        c1_0.created_at,
        c1_0.icon,
        c1_0.module,
        c1_0.order_no,
        c1_0.permission_code,
        c1_0.route,
        c1_0.title,
        c1_0.updated_at,
        c1_0.version,
        c1_0.visible 
    from
        menus c1_0 
    where
        c1_0.parent_id=? 
    order by
        c1_0.order_no
Hibernate: 
    select
        c1_0.parent_id,
        c1_0.id,
        c1_0.active,
        c1_0.created_at,
        c1_0.icon,
        c1_0.module,
        c1_0.order_no,
        c1_0.permission_code,
        c1_0.route,
        c1_0.title,
        c1_0.updated_at,
        c1_0.version,
        c1_0.visible 
    from
        menus c1_0 
    where
        c1_0.parent_id=? 
    order by
        c1_0.order_no
Hibernate: 
    select
        c1_0.parent_id,
        c1_0.id,
        c1_0.active,
        c1_0.created_at,
        c1_0.icon,
        c1_0.module,
        c1_0.order_no,
        c1_0.permission_code,
        c1_0.route,
        c1_0.title,
        c1_0.updated_at,
        c1_0.version,
        c1_0.visible 
    from
        menus c1_0 
    where
        c1_0.parent_id=? 
    order by
        c1_0.order_no
Hibernate: 
    select
        c1_0.parent_id,
        c1_0.id,
        c1_0.active,
        c1_0.created_at,
        c1_0.icon,
        c1_0.module,
        c1_0.order_no,
        c1_0.permission_code,
        c1_0.route,
        c1_0.title,
        c1_0.updated_at,
        c1_0.version,
        c1_0.visible 
    from
        menus c1_0 
    where
        c1_0.parent_id=? 
    order by
        c1_0.order_no
Hibernate: 
    select
        c1_0.parent_id,
        c1_0.id,
        c1_0.active,
        c1_0.created_at,
        c1_0.icon,
        c1_0.module,
        c1_0.order_no,
        c1_0.permission_code,
        c1_0.route,
        c1_0.title,
        c1_0.updated_at,
        c1_0.version,
        c1_0.visible 
    from
        menus c1_0 
    where
        c1_0.parent_id=? 
    order by
        c1_0.order_no
Hibernate: 
    select
        c1_0.parent_id,
        c1_0.id,
        c1_0.active,
        c1_0.created_at,
        c1_0.icon,
        c1_0.module,
        c1_0.order_no,
        c1_0.permission_code,
        c1_0.route,
        c1_0.title,
        c1_0.updated_at,
        c1_0.version,
        c1_0.visible 
    from
        menus c1_0 
    where
        c1_0.parent_id=? 
    order by
        c1_0.order_no
Hibernate: 
    select
        c1_0.parent_id,
        c1_0.id,
        c1_0.active,
        c1_0.created_at,
        c1_0.icon,
        c1_0.module,
        c1_0.order_no,
        c1_0.permission_code,
        c1_0.route,
        c1_0.title,
        c1_0.updated_at,
        c1_0.version,
        c1_0.visible 
    from
        menus c1_0 
    where
        c1_0.parent_id=? 
    order by
        c1_0.order_no
Hibernate: 
    select
        c1_0.parent_id,
        c1_0.id,
        c1_0.active,
        c1_0.created_at,
        c1_0.icon,
        c1_0.module,
        c1_0.order_no,
        c1_0.permission_code,
        c1_0.route,
        c1_0.title,
        c1_0.updated_at,
        c1_0.version,
        c1_0.visible 
    from
        menus c1_0 
    where
        c1_0.parent_id=? 
    order by
        c1_0.order_no
Hibernate: 
    select
        c1_0.parent_id,
        c1_0.id,
        c1_0.active,
        c1_0.created_at,
        c1_0.icon,
        c1_0.module,
        c1_0.order_no,
        c1_0.permission_code,
        c1_0.route,
        c1_0.title,
        c1_0.updated_at,
        c1_0.version,
        c1_0.visible 
    from
        menus c1_0 
    where
        c1_0.parent_id=? 
    order by
        c1_0.order_no
Hibernate: 
    select
        c1_0.parent_id,
        c1_0.id,
        c1_0.active,
        c1_0.created_at,
        c1_0.icon,
        c1_0.module,
        c1_0.order_no,
        c1_0.permission_code,
        c1_0.route,
        c1_0.title,
        c1_0.updated_at,
        c1_0.version,
        c1_0.visible 
    from
        menus c1_0 
    where
        c1_0.parent_id=? 
    order by
        c1_0.order_no
Hibernate: 
    select
        u1_0.id,
        u1_0.active,
        u1_0.avatar,
        u1_0.created_at,
        u1_0.email,
        u1_0.first_name,
        u1_0.last_login_at,
        u1_0.last_login_ip,
        u1_0.last_name,
        u1_0.locked_until,
        u1_0.login_attempts,
        u1_0.password,
        u1_0.password_changed_at,
        u1_0.phone,
        u1_0.role_id,
        u1_0.updated_at,
        u1_0.username,
        u1_0.version 
    from
        users u1_0 
    where
        u1_0.username=?
Hibernate: 
    insert 
    into
        login_history
        (created_at, failure_reason, ip_address, login_timestamp, logout_timestamp, success, updated_at, user_id, user_agent, username, version) 
    values
        (?, ?, ?, ?, ?, ?, ?, ?, ?, ?, ?)
Hibernate: 
    update
        users 
    set
        active=?,
        avatar=?,
        email=?,
        first_name=?,
        last_login_at=?,
        last_login_ip=?,
        last_name=?,
        locked_until=?,
        login_attempts=?,
        password=?,
        password_changed_at=?,
        phone=?,
        role_id=?,
        updated_at=?,
        username=?,
        version=? 
    where
        id=? 
        and version=?
Hibernate: 
    insert 
    into
        refresh_tokens
        (created_at, expiry_date, revoked, token, updated_at, user_id, version) 
    values
        (?, ?, ?, ?, ?, ?, ?)
Hibernate: 
    insert 
    into
        login_sessions
        (browser, created_at, device_type, expired, ip_address, is_active, last_activity_time, login_time, logout_time, operating_system, session_token, updated_at, user_id, version) 
    values
        (?, ?, ?, ?, ?, ?, ?, ?, ?, ?, ?, ?, ?, ?)
Hibernate: 
    select
        u1_0.id,
        u1_0.active,
        u1_0.avatar,
        u1_0.created_at,
        u1_0.email,
        u1_0.first_name,
        u1_0.last_login_at,
        u1_0.last_login_ip,
        u1_0.last_name,
        u1_0.locked_until,
        u1_0.login_attempts,
        u1_0.password,
        u1_0.password_changed_at,
        u1_0.phone,
        u1_0.role_id,
        u1_0.updated_at,
        u1_0.username,
        u1_0.version 
    from
        users u1_0 
    where
        u1_0.username=?
Hibernate: 
    insert 
    into
        activity_logs
        (action, created_at, description, entity_id, entity_type, ip_address, metadata, module, updated_at, user_id, user_agent, username, version) 
    values
        (?, ?, ?, ?, ?, ?, ?, ?, ?, ?, ?, ?, ?)
Hibernate: 
    select
        u1_0.id,
        u1_0.active,
        u1_0.avatar,
        u1_0.created_at,
        u1_0.email,
        u1_0.first_name,
        u1_0.last_login_at,
        u1_0.last_login_ip,
        u1_0.last_name,
        u1_0.locked_until,
        u1_0.login_attempts,
        u1_0.password,
        u1_0.password_changed_at,
        u1_0.phone,
        u1_0.role_id,
        u1_0.updated_at,
        u1_0.username,
        u1_0.version 
    from
        users u1_0 
    where
        u1_0.username=?
Hibernate: 
    insert 
    into
        audit_logs
        (action, created_at, entity_id, entity_type, ip_address, new_value, old_value, updated_at, user_id, version) 
    values
        (?, ?, ?, ?, ?, ?, ?, ?, ?, ?)
Hibernate: 
    select
        u1_0.id,
        u1_0.active,
        u1_0.avatar,
        u1_0.created_at,
        u1_0.email,
        u1_0.first_name,
        u1_0.last_login_at,
        u1_0.last_login_ip,
        u1_0.last_name,
        u1_0.locked_until,
        u1_0.login_attempts,
        u1_0.password,
        u1_0.password_changed_at,
        u1_0.phone,
        u1_0.role_id,
        u1_0.updated_at,
        u1_0.username,
        u1_0.version 
    from
        users u1_0 
    where
        u1_0.username=?
Hibernate: 
    select
        r1_0.id,
        r1_0.active,
        r1_0.code,
        r1_0.created_at,
        r1_0.description,
        r1_0.name,
        p1_0.role_id,
        p1_1.id,
        p1_1.action,
        p1_1.code,
        p1_1.created_at,
        p1_1.description,
        p1_1.module,
        p1_1.name,
        p1_1.updated_at,
        p1_1.version,
        r1_0.updated_at,
        r1_0.version 
    from
        roles r1_0 
    left join
        role_permissions p1_0 
            on r1_0.id=p1_0.role_id 
    left join
        permissions p1_1 
            on p1_1.id=p1_0.permission_id 
    where
        r1_0.id=?
Hibernate: 
    select
        b1_0.id,
        b1_0.author,
        b1_0.available_copies,
        b1_0.category_id,
        b1_0.created_at,
        b1_0.edition,
        b1_0.isbn,
        b1_0.publication_year,
        b1_0.publisher,
        b1_0.shelf_location,
        b1_0.title,
        b1_0.total_copies,
        b1_0.updated_at,
        b1_0.version 
    from
        books b1_0 
    order by
        b1_0.id 
    limit
        ?, ?
Hibernate: 
    select
        u1_0.id,
        u1_0.active,
        u1_0.avatar,
        u1_0.created_at,
        u1_0.email,
        u1_0.first_name,
        u1_0.last_login_at,
        u1_0.last_login_ip,
        u1_0.last_name,
        u1_0.locked_until,
        u1_0.login_attempts,
        u1_0.password,
        u1_0.password_changed_at,
        u1_0.phone,
        u1_0.role_id,
        u1_0.updated_at,
        u1_0.username,
        u1_0.version 
    from
        users u1_0 
    where
        u1_0.username=?
Hibernate: 
    select
        r1_0.id,
        r1_0.active,
        r1_0.code,
        r1_0.created_at,
        r1_0.description,
        r1_0.name,
        p1_0.role_id,
        p1_1.id,
        p1_1.action,
        p1_1.code,
        p1_1.created_at,
        p1_1.description,
        p1_1.module,
        p1_1.name,
        p1_1.updated_at,
        p1_1.version,
        r1_0.updated_at,
        r1_0.version 
    from
        roles r1_0 
    left join
        role_permissions p1_0 
            on r1_0.id=p1_0.role_id 
    left join
        permissions p1_1 
            on p1_1.id=p1_0.permission_id 
    where
        r1_0.id=?
Hibernate: 
    insert 
    into
        audit_logs
        (action, created_at, entity_id, entity_type, ip_address, new_value, old_value, updated_at, user_id, version) 
    values
        (?, ?, ?, ?, ?, ?, ?, ?, ?, ?)
Hibernate: 
    select
        u1_0.id,
        u1_0.active,
        u1_0.avatar,
        u1_0.created_at,
        u1_0.email,
        u1_0.first_name,
        u1_0.last_login_at,
        u1_0.last_login_ip,
        u1_0.last_name,
        u1_0.locked_until,
        u1_0.login_attempts,
        u1_0.password,
        u1_0.password_changed_at,
        u1_0.phone,
        u1_0.role_id,
        u1_0.updated_at,
        u1_0.username,
        u1_0.version 
    from
        users u1_0 
    where
        u1_0.username=?
Hibernate: 
    select
        r1_0.id,
        r1_0.active,
        r1_0.code,
        r1_0.created_at,
        r1_0.description,
        r1_0.name,
        p1_0.role_id,
        p1_1.id,
        p1_1.action,
        p1_1.code,
        p1_1.created_at,
        p1_1.description,
        p1_1.module,
        p1_1.name,
        p1_1.updated_at,
        p1_1.version,
        r1_0.updated_at,
        r1_0.version 
    from
        roles r1_0 
    left join
        role_permissions p1_0 
            on r1_0.id=p1_0.role_id 
    left join
        permissions p1_1 
            on p1_1.id=p1_0.permission_id 
    where
        r1_0.id=?
Hibernate: 
    select
        e1_0.id,
        e1_0.created_at,
        e1_0.department_id,
        e1_0.designation,
        e1_0.email,
        e1_0.employee_code,
        e1_0.first_name,
        e1_0.joining_date,
        e1_0.last_name,
        e1_0.phone,
        e1_0.salary,
        e1_0.status,
        e1_0.updated_at,
        e1_0.user_id,
        e1_0.version 
    from
        employees e1_0 
    order by
        e1_0.id 
    limit
        ?, ?
Hibernate: 
    select
        u1_0.id,
        u1_0.active,
        u1_0.avatar,
        u1_0.created_at,
        u1_0.email,
        u1_0.first_name,
        u1_0.last_login_at,
        u1_0.last_login_ip,
        u1_0.last_name,
        u1_0.locked_until,
        u1_0.login_attempts,
        u1_0.password,
        u1_0.password_changed_at,
        u1_0.phone,
        u1_0.role_id,
        u1_0.updated_at,
        u1_0.username,
        u1_0.version 
    from
        users u1_0 
    where
        u1_0.username=?
Hibernate: 
    select
        r1_0.id,
        r1_0.active,
        r1_0.code,
        r1_0.created_at,
        r1_0.description,
        r1_0.name,
        p1_0.role_id,
        p1_1.id,
        p1_1.action,
        p1_1.code,
        p1_1.created_at,
        p1_1.description,
        p1_1.module,
        p1_1.name,
        p1_1.updated_at,
        p1_1.version,
        r1_0.updated_at,
        r1_0.version 
    from
        roles r1_0 
    left join
        role_permissions p1_0 
            on r1_0.id=p1_0.role_id 
    left join
        permissions p1_1 
            on p1_1.id=p1_0.permission_id 
    where
        r1_0.id=?
Hibernate: 
    insert 
    into
        audit_logs
        (action, created_at, entity_id, entity_type, ip_address, new_value, old_value, updated_at, user_id, version) 
    values
        (?, ?, ?, ?, ?, ?, ?, ?, ?, ?)
Hibernate: 
    select
        u1_0.id,
        u1_0.active,
        u1_0.avatar,
        u1_0.created_at,
        u1_0.email,
        u1_0.first_name,
        u1_0.last_login_at,
        u1_0.last_login_ip,
        u1_0.last_name,
        u1_0.locked_until,
        u1_0.login_attempts,
        u1_0.password,
        u1_0.password_changed_at,
        u1_0.phone,
        u1_0.role_id,
        u1_0.updated_at,
        u1_0.username,
        u1_0.version 
    from
        users u1_0 
    where
        u1_0.username=?
Hibernate: 
    select
        r1_0.id,
        r1_0.active,
        r1_0.code,
        r1_0.created_at,
        r1_0.description,
        r1_0.name,
        p1_0.role_id,
        p1_1.id,
        p1_1.action,
        p1_1.code,
        p1_1.created_at,
        p1_1.description,
        p1_1.module,
        p1_1.name,
        p1_1.updated_at,
        p1_1.version,
        r1_0.updated_at,
        r1_0.version 
    from
        roles r1_0 
    left join
        role_permissions p1_0 
            on r1_0.id=p1_0.role_id 
    left join
        permissions p1_1 
            on p1_1.id=p1_0.permission_id 
    where
        r1_0.id=?
java.lang.IllegalArgumentException: When allowCredentials is true, allowedOrigins cannot contain the special value "*" since that cannot be set on the "Access-Control-Allow-Origin" response header. To allow credentials to a set of origins, list them explicitly or consider using "allowedOriginPatterns" instead.
	at org.springframework.web.cors.CorsConfiguration.validateAllowCredentials(CorsConfiguration.java:575)
	at org.springframework.web.servlet.handler.AbstractHandlerMapping.getHandler(AbstractHandlerMapping.java:544)
	at org.springframework.web.servlet.DispatcherServlet.getHandler(DispatcherServlet.java:1283)
	at org.springframework.web.servlet.DispatcherServlet.doDispatch(DispatcherServlet.java:1064)
	at org.springframework.web.servlet.DispatcherServlet.doService(DispatcherServlet.java:978)
	at org.springframework.web.servlet.FrameworkServlet.processRequest(FrameworkServlet.java:1014)
	at org.springframework.web.servlet.FrameworkServlet.doGet(FrameworkServlet.java:903)
	at jakarta.servlet.http.HttpServlet.service(HttpServlet.java:564)
	at org.springframework.web.servlet.FrameworkServlet.service(FrameworkServlet.java:885)
	at jakarta.servlet.http.HttpServlet.service(HttpServlet.java:658)
	at org.apache.catalina.core.ApplicationFilterChain.internalDoFilter(ApplicationFilterChain.java:195)
	at org.apache.catalina.core.ApplicationFilterChain.doFilter(ApplicationFilterChain.java:140)
	at org.apache.tomcat.websocket.server.WsFilter.doFilter(WsFilter.java:51)
	at org.apache.catalina.core.ApplicationFilterChain.internalDoFilter(ApplicationFilterChain.java:164)
	at org.apache.catalina.core.ApplicationFilterChain.doFilter(ApplicationFilterChain.java:140)
	at org.springframework.web.filter.OncePerRequestFilter.doFilter(OncePerRequestFilter.java:110)
	at org.apache.catalina.core.ApplicationFilterChain.internalDoFilter(ApplicationFilterChain.java:164)
	at org.apache.catalina.core.ApplicationFilterChain.doFilter(ApplicationFilterChain.java:140)
	at org.springframework.web.filter.CompositeFilter$VirtualFilterChain.doFilter(CompositeFilter.java:108)
	at org.springframework.security.web.FilterChainProxy.lambda$doFilterInternal$3(FilterChainProxy.java:231)
	at org.springframework.security.web.FilterChainProxy$VirtualFilterChain.doFilter(FilterChainProxy.java:365)
	at org.springframework.security.web.access.intercept.AuthorizationFilter.doFilter(AuthorizationFilter.java:101)
	at org.springframework.security.web.FilterChainProxy$VirtualFilterChain.doFilter(FilterChainProxy.java:374)
	at org.springframework.security.web.access.ExceptionTranslationFilter.doFilter(ExceptionTranslationFilter.java:126)
	at org.springframework.security.web.access.ExceptionTranslationFilter.doFilter(ExceptionTranslationFilter.java:120)
	at org.springframework.security.web.FilterChainProxy$VirtualFilterChain.doFilter(FilterChainProxy.java:374)
	at org.springframework.security.web.session.SessionManagementFilter.doFilter(SessionManagementFilter.java:131)
	at org.springframework.security.web.session.SessionManagementFilter.doFilter(SessionManagementFilter.java:85)
	at org.springframework.security.web.FilterChainProxy$VirtualFilterChain.doFilter(FilterChainProxy.java:374)
	at org.springframework.security.web.authentication.AnonymousAuthenticationFilter.doFilter(AnonymousAuthenticationFilter.java:100)
	at org.springframework.security.web.FilterChainProxy$VirtualFilterChain.doFilter(FilterChainProxy.java:374)
	at org.springframework.security.web.servletapi.SecurityContextHolderAwareRequestFilter.doFilter(SecurityContextHolderAwareRequestFilter.java:179)
	at org.springframework.security.web.FilterChainProxy$VirtualFilterChain.doFilter(FilterChainProxy.java:374)
	at org.springframework.security.web.savedrequest.RequestCacheAwareFilter.doFilter(RequestCacheAwareFilter.java:63)
	at org.springframework.security.web.FilterChainProxy$VirtualFilterChain.doFilter(FilterChainProxy.java:374)
	at com.badrulamin.University_Management.security.jwt.AuthTokenFilter.doFilterInternal(AuthTokenFilter.java:47)
	at org.springframework.web.filter.OncePerRequestFilter.doFilter(OncePerRequestFilter.java:116)
	at org.springframework.security.web.FilterChainProxy$VirtualFilterChain.doFilter(FilterChainProxy.java:374)
	at org.springframework.security.web.authentication.logout.LogoutFilter.doFilter(LogoutFilter.java:107)
	at org.springframework.security.web.authentication.logout.LogoutFilter.doFilter(LogoutFilter.java:93)
	at org.springframework.security.web.FilterChainProxy$VirtualFilterChain.doFilter(FilterChainProxy.java:374)
	at org.springframework.web.filter.CorsFilter.doFilterInternal(CorsFilter.java:91)
	at org.springframework.web.filter.OncePerRequestFilter.doFilter(OncePerRequestFilter.java:116)
	at org.springframework.security.web.FilterChainProxy$VirtualFilterChain.doFilter(FilterChainProxy.java:374)
	at org.springframework.security.web.header.HeaderWriterFilter.doHeadersAfter(HeaderWriterFilter.java:90)
	at org.springframework.security.web.header.HeaderWriterFilter.doFilterInternal(HeaderWriterFilter.java:75)
	at org.springframework.web.filter.OncePerRequestFilter.doFilter(OncePerRequestFilter.java:116)
	at org.springframework.security.web.FilterChainProxy$VirtualFilterChain.doFilter(FilterChainProxy.java:374)
	at org.springframework.security.web.context.SecurityContextHolderFilter.doFilter(SecurityContextHolderFilter.java:82)
	at org.springframework.security.web.context.SecurityContextHolderFilter.doFilter(SecurityContextHolderFilter.java:69)
	at org.springframework.security.web.FilterChainProxy$VirtualFilterChain.doFilter(FilterChainProxy.java:374)
	at org.springframework.security.web.context.request.async.WebAsyncManagerIntegrationFilter.doFilterInternal(WebAsyncManagerIntegrationFilter.java:62)
	at org.springframework.web.filter.OncePerRequestFilter.doFilter(OncePerRequestFilter.java:116)
	at org.springframework.security.web.FilterChainProxy$VirtualFilterChain.doFilter(FilterChainProxy.java:374)
	at org.springframework.security.web.session.DisableEncodeUrlFilter.doFilterInternal(DisableEncodeUrlFilter.java:42)
	at org.springframework.web.filter.OncePerRequestFilter.doFilter(OncePerRequestFilter.java:116)
	at org.springframework.security.web.FilterChainProxy$VirtualFilterChain.doFilter(FilterChainProxy.java:374)
	at org.springframework.security.web.FilterChainProxy.doFilterInternal(FilterChainProxy.java:233)
	at org.springframework.security.web.FilterChainProxy.doFilter(FilterChainProxy.java:191)
	at org.springframework.web.filter.CompositeFilter$VirtualFilterChain.doFilter(CompositeFilter.java:113)
	at org.springframework.web.servlet.handler.HandlerMappingIntrospector.lambda$createCacheFilter$3(HandlerMappingIntrospector.java:243)
	at org.springframework.web.filter.CompositeFilter$VirtualFilterChain.doFilter(CompositeFilter.java:113)
	at org.springframework.web.filter.CompositeFilter.doFilter(CompositeFilter.java:74)
	at org.springframework.security.config.annotation.web.configuration.WebMvcSecurityConfiguration$CompositeFilterChainProxy.doFilter(WebMvcSecurityConfiguration.java:238)
	at org.springframework.web.filter.DelegatingFilterProxy.invokeDelegate(DelegatingFilterProxy.java:362)
	at org.springframework.web.filter.DelegatingFilterProxy.doFilter(DelegatingFilterProxy.java:278)
	at org.apache.catalina.core.ApplicationFilterChain.internalDoFilter(ApplicationFilterChain.java:164)
	at org.apache.catalina.core.ApplicationFilterChain.doFilter(ApplicationFilterChain.java:140)
	at org.springframework.web.filter.RequestContextFilter.doFilterInternal(RequestContextFilter.java:100)
	at org.springframework.web.filter.OncePerRequestFilter.doFilter(OncePerRequestFilter.java:116)
	at org.apache.catalina.core.ApplicationFilterChain.internalDoFilter(ApplicationFilterChain.java:164)
	at org.apache.catalina.core.ApplicationFilterChain.doFilter(ApplicationFilterChain.java:140)
	at org.springframework.web.filter.FormContentFilter.doFilterInternal(FormContentFilter.java:93)
	at org.springframework.web.filter.OncePerRequestFilter.doFilter(OncePerRequestFilter.java:116)
	at org.apache.catalina.core.ApplicationFilterChain.internalDoFilter(ApplicationFilterChain.java:164)
	at org.apache.catalina.core.ApplicationFilterChain.doFilter(ApplicationFilterChain.java:140)
	at org.springframework.web.filter.CharacterEncodingFilter.doFilterInternal(CharacterEncodingFilter.java:201)
	at org.springframework.web.filter.OncePerRequestFilter.doFilter(OncePerRequestFilter.java:116)
	at org.apache.catalina.core.ApplicationFilterChain.internalDoFilter(ApplicationFilterChain.java:164)
	at org.apache.catalina.core.ApplicationFilterChain.doFilter(ApplicationFilterChain.java:140)
	at org.apache.catalina.core.StandardWrapperValve.invoke(StandardWrapperValve.java:167)
	at org.apache.catalina.core.StandardContextValve.invoke(StandardContextValve.java:90)
	at org.apache.catalina.authenticator.AuthenticatorBase.invoke(AuthenticatorBase.java:483)
	at org.apache.catalina.core.StandardHostValve.invoke(StandardHostValve.java:115)
	at org.apache.catalina.valves.ErrorReportValve.invoke(ErrorReportValve.java:93)
	at org.apache.catalina.core.StandardEngineValve.invoke(StandardEngineValve.java:74)
	at org.apache.catalina.connector.CoyoteAdapter.service(CoyoteAdapter.java:344)
	at org.apache.coyote.http11.Http11Processor.service(Http11Processor.java:397)
	at org.apache.coyote.AbstractProcessorLight.process(AbstractProcessorLight.java:63)
	at org.apache.coyote.AbstractProtocol$ConnectionHandler.process(AbstractProtocol.java:905)
	at org.apache.tomcat.util.net.NioEndpoint$SocketProcessor.doRun(NioEndpoint.java:1741)
	at org.apache.tomcat.util.net.SocketProcessorBase.run(SocketProcessorBase.java:52)
	at org.apache.tomcat.util.threads.ThreadPoolExecutor.runWorker(ThreadPoolExecutor.java:1190)
	at org.apache.tomcat.util.threads.ThreadPoolExecutor$Worker.run(ThreadPoolExecutor.java:659)
	at org.apache.tomcat.util.threads.TaskThread$WrappingRunnable.run(TaskThread.java:63)
	at java.base/java.lang.Thread.run(Thread.java:1583)
2026-07-08T18:38:17.863+06:00  WARN 5624 --- [University_Management] [nio-8085-exec-2] .m.m.a.ExceptionHandlerExceptionResolver : Resolved [java.lang.IllegalArgumentException: When allowCredentials is true, allowedOrigins cannot contain the special value "*" since that cannot be set on the "Access-Control-Allow-Origin" response header. To allow credentials to a set of origins, list them explicitly or consider using "allowedOriginPatterns" instead.]
